子	zǐ	tsiX	tsı́	 1st earthly branch	2477
子	zǐ	tsiX	tsı́	 1st earthly branch	2477
子	zǐ	tsiX	tsı́	 1st earthly branch	2477
周	zhōu	tsyuw	ts̯ūw	 Zhōu (dynasty and place)	2484
周	Zhōu	tsyuw	ts̯ūw	 Zhōu (dynasty and place)	2484
為/爲	wéi	hjwe hjwe	hȷwē hȷwē	 make, do, act as / make, do, act as	2961
為/爲	wèi	hjweH	hȷwè	 for, because	2961
其	qí	gi	gı̄	 modal particle	3035
其	qí	gi	gı̄	 modal particle	3035
有	yǒu	hjuwX	hȷúw	 have, exist	3178
有	yǒu	hjuwX	hȷúw	 have, exist	3178
有	yǒu	hjuwX	hȷúw	 have, exist	3178
楚	Chǔ	tsrhjoX	tṣhȷó	 arrange in order	4850
辭	cí	zi	zı̄	 words	4851
辭	cí	zi	zı̄	 words	4851
直	zhí	drik	ḍık	 straight	4852
陳	Chén	drin	ḍı̄n	 arrange	4875
陳	chén	drin	ḍı̄n	 arrange	4875
春	chūn	tsyhwin	ts̯hwı̄n	 springtime	4922
春秋	chūnqiū	tsyhwin tshjuw	ts̯hwı̄n tshȷūw	 springtime / autumn; crop	4923
秋	qiū	tshjuw	tshȷūw	 autumn; crop	4923
繁	fán	bjon	bȷōn	 abundant, numerous	4924
露	lù	luH	lù	 dew; disclose	4925
義	yì	ngjeH	ngȷè	 duty; justice	4926
輿	yú	yo	yō	 vehicle, carriage; carry on shoulders	4944
爾	ěr	nyeX nejX	n̯é néȷ	 (adv. suffix) / numerous	4993
行	xíng	haeng haeng	hāeng hāeng	 walk (v.) / walk (v.)	5019
行	xíng	haeng haeng	hāeng hāeng	 walk (v.) / walk (v.)	5019
行	xìng	hang	hāng		5019
法	fǎ	pjop	pȷop	 model, law	5076
言	yán	ngjon	ngȷōn	 (a particle)	5077
榮	róng	hjwaeng	hȷwāeng	 glory, honor	5103
寶	baǒ	pawX	páw		5104
梁	liáng	ljang	lȷāng	 beam; bridge	5171
經	jīng	keng	kēng	 loom; regulate; norm	5172
傳	chuán	drjwen	ḍȷwēn	 transmit	5173
補	bǔ	puX	pú	 to patch	5174
鍾	zhōng	tsyowng	ts̯ōwng	 accumulate; repeat	5200
文	wén	mjun	mȷūn	 ornate	5201
文	wèn	mjun	mȷūn		5201
公	gōng	kuwng	kūwng	 impartial, just; public	5288
公	gōng	kuwng	kūwng	 impartial, just; public	5288
公子	gōngzǐ	kuwng tsiX	kūwng tsı́	 impartial, just; public / 1st earthly branch	5288
孫	sūn	swon	swōn	 grandchild; descendant	5289
龍	lóng	ljowng ljowng	lȷōwng lȷōwng	 dragon / dragon	5290
懸/縣	xuán	hwen	hwēn	 suspend	5292
王	wáng	hjwang	hȷwāng	 king	5313
王	wàng	hjwangH	hȷwàng	 be king	5313
校	xiào	haewH	hàew		5353
釋	shì	syek	s̯ek	 release; dissolve	5354
顏	Yán	ngaen	ngāen	 face, forehead	5377
國	guó	kwok	kwok	 state (n.)	5428
語	yǔ	ngjoX ngjoX	ngȷó ngȷó	 speak / speak	5429
語	yù	ngjoH	ngȷò	 tell	5429
徐	xú	zjo	zȷō	 walk slowly	5452
元	yuán	ngjwon	ngȷwōn	 head; first	5453
羊	yáng	yang	yāng	 sheep	5540
黃	huáng	hwang	hwāng	 yellow	5679
帝	dì	tejH	tèȷ	 God	5680
黃帝	Huángdì	hwang tejH	hwāng tèȷ	 yellow / God	5680
內	nèi	nwojH nwojH	nwòȷ nwòȷ	 inside / inside	5681
素	sù	suH	sù	 white silk	5683
問	wèn	mjunH	mȷùn	 ask	5684
靈	líng	leng	lēng	 supernatural	5687
非	fēi	pj+j	pȷų̄ȷ	 is not	5745
非	fēi	pj+j	pȷų̄ȷ	 is not	5745
先	xiān	sen	sēn	 first	5773
先	xiàn	senH	sèn	 go first	5773
慎	shèn	dzyinH	dz̯ı̀n	 careful	5774
南	nán	nom	nōm	 south	5830
何	hé	ha	hā	 what	5851
寧	níng	neng	nēng	 peace	5852
詩	shī	syi	s̯ı̄	 poetry	5907
外	wài	ngwajH	ngwàȷ	 outside	5908
屈	jué	kjut	kȷut		5933
守	shǒu	syuwX	s̯úw	 keep, guard	5934
老	lǎo	lawX	láw	 old	5970
老子	Lǎozi	lawX tsiX	láw tsı́	 old /	5970
朱	zhū	tsyu	ts̯ū	 dwarf	5995
謙	qiān	khem	khēm	 modest	5996
之	zhī	tsyi	ts̯ı̄	 go to	5997
之	zhī	tsyi	ts̯ı̄	 go to	5997
之	zhī	tsyi	ts̯ı̄	 go to	5997
禮	lı̌	lejX	léȷ		6047
記	jì	kiH	kı̀	 remember; record (v.)	6048
正	zhèng	tsyengH	ts̯èng	 correct (adj., v.)	6049
孔	Kǒng	khuwngX	khúwng	 (surname)	6072
達	dá	dat	dat	 arrive at	6074
列	liè	ljet	lȷet	 tear apart; rank	6133
伯	bó	paek	paek	 father’s elder brother	6158
伯/佰	bó	paek	paek	 father’s elder brother	6158
新	xīn	sin	sı̄n	 new	6198
女	nǚ	nrjoX	ṇȷó	 female	6201
泉	quán	dzjwen	dzȷwēn	 spring, source	6228
黃泉	huángquán	hwang dzjwen	hwāng dzȷwēn	 yellow / spring, source	6228
六	liù	ljuwk	lȷuwk	 six	6324
氏	shì	dzyeX	dz̯é	 clan	6388
論	lún	lwin	lwı̄n	 (in name of Lúnyǔ 論語)	6483
孟	mèng	maengH	màeng	 eldest, great	6580
循	xún	zwin	zwı̄n	 follow	6603
墨	mò	mok	mok	 ink	6669
讓	ràng	nyangH	n̯àng	 yield	6695
許	xǔ	xjoX	xȷó	 place (n.)	6786
富	fù	pjuwH	pȷùw	 rich; wealth	6787
尸	shī	syij	s̯ı̄ȷ	 corpse	6845
讀	dú	duwk	duwk	 read (v.)	6847
本	běn	pwonX	pwón	 tree trunk	6848
水	shuǐ	sywijX	s̯wı́ȷ	 water; river	6871
松	sōng	zjowng	zȷōwng	 pine (n.)	6873
山	shān	srean	ṣēan	 mountain, hill	6914
海	hǎi	xojX	xóȷ	 sea	6915
史	shǐ	sriX	ṣı́	 scribe	6965
司	sī	si	sı̄	 superintend	6986
有司	yǒusī	hjuwX si	hȷúw sı̄	 have, exist / superintend	6986
司馬	sīmǎ	si maeX	sı̄ máe	 superintend / horse	6987
馬	mǎ	maeX	máe	 horse	6987
遷	qiān	tshjen	tshȷēn	 move (v.)	6988
商	shāng	syang	s̯āng	 musical note	7030
君	jūn	kjun	kȷūn	 lord; ruler	7031
君子	jūnzǐ	kjun tsiX	kȷūn tsı́	 lord; ruler / 1st earthly branch	7031
書	shū	syo	s̯ō	 write	7032
十	shí	dzyip	dz̯ıp	 ten	7130
一/壹	yī	'jit	'ȷıt	 one	7131
國家	guójiā	kwok kae	kwok kāe	 state (n.) / household	7132
家	jiā	kae	kāe	 household	7132
理	lǐ	liX	lı́	 cut jade; regulate	7137
丙	bǐng	pjaengX	pȷáeng	 3d heavenly stem	7161
安	ān	'an	'ān	 peace(ful)	7162
安	ān	'an	'ān	 peace(ful)	7162
說	shuō	sywejH	s̯wèȷ		7201
說	shuì	sywejH	s̯wèȷ		7201
宗	zōng	tsowng	tsōwng	 ancestral temple	7228
魯	Lǔ	luX	lú	 dull, blunt, simple	7229
利	lì	lijH	lı̀ȷ	 sharp; profit	7286
利	lì	lijH	lı̀ȷ	 sharp; profit	7286
器	qì	khijH	khı̀ȷ	 vessel; instrument	7287
尉	wèi	'jw+jH	'ȷwų̀ȷ		7321
勇	yǒng	yowngX	yówng	 brave	7342
吳	Wú	ngu	ngū	 shout; name of a state	7369
孝	xiào	xaewH	xàew	 filial	7434
賈	gǔ	kuX	kú	 merchant; do business	7620
振/賑	zhèn	tsyinH tsyinH	ts̯ı̀n ts̯ı̀n	 shake / shake	7643
益	yì	'jiek	'ȷıek	 increase	7644
鐘	zhōng	tsyowng	ts̯ōwng	 bell	7660
夏	xià	haeX	háe	 great	7661
夏	Xià	haeX	háe	 great	7661
序	xù	zjoX	zȷó	 walls at side of palace	7721
石	shí	dzyek	dz̯ek	 stone	7747
則	zé	tsok	tsok	 then	7939
虞	yú	ngju	ngȷū	 foresee	7940
虞	Yú	ngju	ngȷū	 foresee	7940
燕	Yān	'en	'ēn		8013
東	dōng	tuwng	tūwng	 east	8039
易	yì	yek yeH	yek yè	 change; exchange / easy	8074
易	yì	yek yeH	yek yè	 change; exchange / easy	8074
戰	zhàn	tsyenH	ts̯èn	 to fear	8248
郭	guō	kwak	kwak	 outer wall	8462
慶	qìng	khjaengH	khȷàeng	 happy, rejoice	8463
左	zuǒ	tsaX	tsá	 left (side)	8532
百家	bǎijiā	paek kae	paek kāe	 hundred / household	9654
百	bǎi	paek	paek	 hundred	9654
尊	zūn	tswon	tswōn	 honor (v.)	11146
敬	jìng	kjaengH	kȷàeng	 respectful	11147
好	hǎo	xawX	xáw	 good	11176
好	hào	xawH xawH	xàw xàw	 love, like (v.) / love, like (v.)	11176
中	zhōng	trjuwng trjuwng	ṭȷūwng ṭȷūwng	 center / center	11181
中	zhòng	trjuwngH	ṭȷùwng	 hit the center	11181
中國	Zhōngguó	trjuwng trjuwng kwok	ṭȷūwng ṭȷūwng kwok	 center / center / state (n.)	11181
收	shōu	syuw	s̯ūw	 collect; harvest	11183
拙	zhuō	tsywet	ts̯wet	 stupid, inept	11185
激	jī	kek	kek	 dam up (water)	11189
情	qíng	dzjeng	dzȷēng	 affections; response to circumstances	11191
寸	cùn	tshwonH	tshwòn	 thumb; inch	11193
難	nán	nan	nān	 difficult	11195
難	nàn	nanH	nàn	 difficulty	11195
余/予	yú	yo	yō	 1sg., prob. a polite form	11199
姓	xìng	sjengH	sȷèng	 surname	11200
一百姓	bǎixìng	'jit paek sjengH	'ȷıt paek sȷèng	  / hundred / surname	11200
張	zhāng	trjang	ṭȷāng	 draw a bow	11201
名	míng	mjieng	mȷı̄eng	 name	11202
字	zì	dziH	dzı̀	 breed, love (v.); character	11206
銘	míng	meng	mēng	 inscription	11207
乃	nǎi	nojX	nóȷ	 your	11210
天	tiān	then then	thēn thēn	 heaven / heaven	11211
天子	tiānzǐ	then then tsiX	thēn thēn tsı́	 heaven / heaven / 1st earthly branch	11211
市	shì	dzyiX	dz̯ı́	 market (n.)	11213
人	rén	nyin	n̯ı̄n	 (other) person	11216
也	yě	yaeX	yáe	 (final particle)	11217
祖	zǔ	tsuX	tsú	 ancestor	11219
居	jū	kjo kjo	kȷō kȷō	 squat; stay, dwell / squat; stay, dwell	11220
居	jū	kjo kjo	kȷō kȷō	 squat; stay, dwell / squat; stay, dwell	11220
平	píng	bjaeng bjaeng	bȷāeng bȷāeng	 even (adj.) / even (adj.)	11223
陰	yīn	'im	'ı̄m	 dark	11224
高	gāo	kaw	kāw	 high, tall	11226
高	gāo	kaw	kāw	 high, tall	11226
民	mín	mjin	mȷı̄n	 people	11229
間/閒	jiān	kean kean	kēan kēan	 interval / interval	11231
無/无	wú	mju	mȷū	 not have	11237
無	wú	mju	mȷū	 not have	11237
無	wú	mju	mȷū	 not have	11237
數	shù	srjuH	ṣȷù	 number (n.)	11238
數	shuò	sraewk	ṣaewk	 frequently	11238
數	shù	srjuH	ṣȷù	 number (n.)	11238
至/致	zhì	tsyijH	ts̯ı̀ȷ	 arrive	11240
已	yǐ	yiX	yı́	 cease; already	11242
五	wǔ	nguX	ngú	 five	11244
五行	wǔxíng	nguX haeng haeng	ngú hāeng hāeng	 five / walk (v.) / walk (v.)	11244
代	dài	dojH	dòȷ	 replace	11245
幼	yòu	'jiwH	'ȷı̀w	 young	11247
舊	jiù	gjuwH	gȷùw	 old	11249
學	xué	haewk	haewk	 study; imitate	11250
性	xìng	sjengH	sȷèng	 nature	11252
喜	xı̌	xiX	xı́		11253
入	rù	nyip	n̯ıp	 enter	11258
園	yuán	hjwon	hȷwōn	 garden	11260
當	dāng	tang tang	tāng tāng	 match (v.); have the value of, rank with / match (v.); have the value of, rank with	11263
當	dàng	tangH	tàng	 suitable	11263
四	sì	sijH	sı̀ȷ	 four	11265
四民	sìmín	sijH mjin	sı̀ȷ mȷı̄n	 four / people	11265
載	zài	dzojH	dzòȷ	 load on a vehicle (v.t.)	11266
餘	yú	yo	yō	 remains; surplus	11268
受	shòu	dzyuwX	dz̯úw	 receive	11270
化	huà	xwaeH	xwàe	 transform	11274
耳	ěr	nyiX	n̯ı́	 ear	11276
耳	ěr	nyiX	n̯ı́	 ear	11276
目	mù	mjuwk	mȷuwk	 eye	11278
少	shǎo	syewX syewX	s̯éw s̯éw	 few / few	11281
少	shào	syewH	s̯èw	 young	11281
年	nián	nen	nēn	 harvest; year	11282
季	jì	kjwijH	kȷwı̀ȷ	 youngest	11284
興	xīng	xing	xı̄ng	 lift, rise	11286
母	mǔ	muwX	múw	 mother	11293
慈	cí	dzi	dzı̄	 loving, kind	11294
愛	ài	'ojH	'òȷ	 to love; to grudge (< ‘draw close to oneself’?)	11295
授	shòu	dzyuwH	dz̯ùw	 give; hand over	11297
二/貳	èr	nyijH	n̯ı̀ȷ	 two	11300
後/后	hòu	huwX huwX	húw húw	 after / after	11302
推	tuī	thwoj	thwōȷ	 push away	11307
以	yı̌	yiX	yı́		11311
士	shì	dzriX	dẓı́	 officer; gentleman	11314
再	zài	tsojH	tsòȷ	 twice; a second time	11316
獻	xiàn	xjonH sa	xȷòn sā	 offer, present / to filter wine	11322
三	sān	sam sam	sām sām	 three / three	11324
三	sàn	sam	sām		11324
而	ér	nyi	n̯ı̄	 and, but	11326
而	ér	nyi	n̯ı̄	 and, but	11326
而後	érhòu	nyi huwX huwX	n̯ı̄ húw húw	 and, but / after / after	11326
而已	éryǐ	nyi yiX	n̯ı̄ yı́	 and, but / cease; already	11326
獲	huò	hweak	hweak	 catch (v.)	11327
於	yú	'jo 'jo	'ȷō 'ȷō	 at (locative preposition) / at (locative preposition)	11331
畢	bì	pjit	pȷıt	 wooden fork	11337
業	yè	ngjaep	ngȷaep	 work (n.)	11338
回/囘	Huí	hwoj	hwōȷ	 go around	11339
就	jiù	dzjuwH	dzȷùw	 go to	11341
司職	sīzhí	si tsyik	sı̄ ts̯ık	 superintend / duties of office	11342
職	zhí	tsyik	ts̯ık	 duties of office	11342
今	jīn	kim	kı̄m	 now	11344
攻	gōng	kuwng	kūwng	 attack	11350
尚	shàng	dzyangH	dz̯àng	 upwards	11355
尚	shàng	dzyangH	dz̯àng	 upwards	11355
一尚書	Shàngshū	'jit dzyangH syo	'ȷıt dz̯àng s̯ō	  / upwards / write	11355
醉	zuì	tswijH	tswı̀ȷ	 drunk (adj.)	11357
心	xīn	sim	sı̄m	 heart	11358
教/敎	jiào	kaewH kaewH	kàew kàew	 teaching; instruction / teaching; instruction	11361
出	chū	tsyhwit tsyhwit	ts̯hwıt ts̯hwıt	 go or come out / go or come out	11365
出	chū	tsyhwit tsyhwit	ts̯hwıt ts̯hwıt	 go or come out / go or come out	11365
嘗	cháng	dzyang	dz̯āng	 taste (v.)	11373
味	wèi	mj+jH	mȷų̀ȷ	 taste (n.)	11375
唯/惟	wéi	ywij	ywı̄ȷ	 only	11378
唯	wěi	ywij	ywı̄ȷ		11378
識	shì	tsyiH	ts̯ı̀		11379
識/志	zhì	tsyiH tsyiH	ts̯ı̀ ts̯ı̀	 remember, commemorate / remember, commemorate	11379
八	bā	peat	peat	 eight	11383
定	dìng	dengH	dèng	 become fixed; settled (v.i.)	11385
玩	wán	ngwanH	ngwàn		11389
道	dào	dawX dawX	dáw dáw	 way / way	11391
道	dào	dawX dawX	dáw dáw	 way / way	11391
世	shì	syejH	s̯èȷ	 generation	11403
儒	rú	nyu	n̯ū		11405
中庸	zhōngyōng	trjuwng trjuwng yowng	ṭȷūwng ṭȷūwng yōwng	 center / center / use; advantage	11408
庸	yōng	yowng	yōwng	 use; advantage	11408
庸	yōng	yowng	yōwng	 use; advantage	11408
大	dà	daH daH	dà dà	 big / big	11409
大家	dàjiā	daH daH kae	dà dà kāe	 big / big / household	11409
獨	dú	duwk	duwk	 alone; only	11413
修/脩	xiū	sjuw	sȷūw	 adorn	11414
身	shēn	syin	s̯ı̄n	 body; self	11416
暇	xiá	haeH	hàe		11419
吾	wú	ngu	ngū	 I, my	11423
常	cháng	dzyang	dz̯āng	 constant	11424
習	xí	zip	zıp	 repeat; practice	11426
武	Wǔ	mjuX	mȷú	 military	11431
術	shù	zywit	z̯wıt	 technique	11432
太/大	tài	thajH	thàȷ	 great	11437
太子/大子	tàizǐ	thajH tsiX	thàȷ tsı́	 great / 1st earthly branch	11437
極	jí	gik	gık	 extreme	11438
意	yì	'iH	'ı̀	 thought (n.)	11451
思	sī	si	sı̄	 think	11453
時	shí	dzyi	dz̯ı̄	 time	11461
時	shí	dzyi	dz̯ı̄	 time	11461
日	rì	nyit	n̯ıt	 sun; day	11464
古	gǔ	kuX	kú	 ancient	11473
得	dé	tok	tok	 obtain	11484
初	chū	tsrhjo	tṣhȷō	 beginning	11488
望	wàng	mjangH mjang	mȷàng mȷāng	 look at from a distance / look at from a distance	11491
從	cóng	dzjowng dzjowng	dzȷōwng dzȷōwng	 to follow / to follow	11492
從	zòng	dzjowngH	dzȷòwng	 follower	11492
聖	shèng	syengH	s̯èng	 sage (n.)	11495
聖人	shèngrén	syengH nyin	s̯èng n̯ı̄n	 sage (n.) / (other) person	11495
賢	xián	hen	hēn	 worthy	11496
師	shī	srij	ṣı̄ȷ	 army	11498
地	dì	dijH	dı̀ȷ	 earth, ground	11509
天地	tiāndì	then then dijH	thēn thēn dı̀ȷ	 heaven / heaven / earth, ground	11509
此	cǐ	tshjeX	tshȷé	 this	11514
先生	xiānshēng	sen sraeng sraeng	sēn ṣāeng ṣāeng	 first / bear, be born; live / bear, be born; live	11515
生	shēng	sraeng sraeng	ṣāeng ṣāeng	 bear, be born; live / bear, be born; live	11515
願	yuàn	ngjwonH	ngȷwòn	 to wish	11517
足	zú	tsjowk tsjowk	tsȷowk tsȷowk	 sufficient / sufficient	11519
足	zú	tsjowk tsjowk	tsȷowk tsȷowk	 sufficient / sufficient	11519
矣/已	yǐ	hiX	hı́	 (final particle)	11520
忠	zhōng	trjuwng	ṭȷūwng	 loyal	12806
通	tōng	thuwng	thūwng	 penetrate	12825
通	tōng	thuwng	thūwng	 penetrate	12825
漢	Hàn	xanH	xàn	 (river name)	13651
秦	Qín	dzin	dzı̄n	 Qín (place name)	14933
西	xī	sej	sēȷ	 west	14954
叔	shū	syuwk	s̯uwk	 gather, harvest	20617
訓	xùn	xjunH	xȷùn	 instruct	23739
宋	Sòng	sowngH	sòwng	 (place name)	24763
耕	gēng	keang	kēang	 plow (v.)	24766
田	tián	den	dēn	 field; to hunt	24767
者	zhě	tsyaeX	ts̯áe	 (nominalizing particle)	24768
株	zhū	trju	ṭȷū	 tree root, stem	24776
兔	tù	thuH	thù	 rabbit, hare	24781
走	zǒu	tsuwX	tsúw	 run	24782
觸	chù	tsyhowk	ts̯howk	 knock against	24784
折	zhé	tsyet tsyet	ts̯et ts̯et	 bend; break (v.t.) / bend; break (v.t.)	24790
頸	jǐng	kjiengX gjieng	kȷı́eng gȷı̄eng	 neck / neck	24791
死	sǐ	sijX	sı́ȷ	 die (v.)	24793
因	yīn	'jin	'ȷı̄n	 rely on	24798
耒	lěi	lwijX	lwı́ȷ		24801
冀	jì	kijH	kı̀ȷ	 hope	24809
復	fù	bjuwH bjuwH	bȷùw bȷùw	 again / again	24810
復	fù	bjuwH bjuwH	bȷùw bȷùw	 again / again	24810
不	bù	pjuw	pȷūw	 not	24818
可	kě	khaX	khá	 may; acceptable	24819
可以	kěyǐ	khaX yiX	khá yı́	 may; acceptable / take, use	24819
笑	xiào	sjewH	sȷèw	 to laugh	24831
欲	yù	yowk	yowk	 desire (v.)	24837
從政	cóng	dzjowng dzjowng tsyengH	dzȷōwng dzȷōwng ts̯èng	 to follow / to follow /	24842
政	zhèng	tsyengH	ts̯èng	 government	24842
樹	shù	dzyuH dzyuX	dz̯ù dz̯ú	 tree / plant (v.); place upright	24861
過	guō	kwa	kwā	 tough, fibrous (vegetables)	24871
過	guò	kwaH	kwà	 to pass; transgress	24871
在	zài	dzojX	dzóȷ	 be at, be present	24873
上	shàng	dzyangX	dz̯áng	 ascend	24877
上	shàng	dzyangX	dz̯áng	 ascend	24877
上帝	Shàngdì	dzyangX tejH	dz̯áng tèȷ	 ascend / God	24877
斷	duàn	twanX dwanX	twán dwán	 cut in two / be cut in two	24881
他/佗/它	tā	tha	thā	 another	24889
放	fàng	pjangH	pȷàng	 release; let go	24893
下	xià	haeX haeX	háe háe	 down / down	24894
下	xià	haeX haeX	háe háe	 down / down	24894
天下	tiānxià	then then haeX haeX	thēn thēn háe háe	 heaven / heaven / down / down	24894
來	lái	loj	lōȷ	 a kind of wheat	24899
到	dào	tawH	tàw	 arrive	24911
自	zì	dzijH	dzı̀ȷ	 self (adv.)	24926
自	zì	dzijH	dzı̀ȷ	 self (adv.)	24926
己	jǐ	kiX	kı́	 6th heavenly stem	24927
己	jǐ	kiX	kı́	 6th heavenly stem	24927
被	bèi	bjeX bjeX	bȷé bȷé	 coverlet / coverlet	24929
假	jiǎ	kaeX	káe	 borrow; false	24941
假	jiǎ	kaeX	káe	 borrow; false	24941
使	shì	sriX	ṣı́		24942
使	shǐ	sriX	ṣı́	 send; cause	24942
使	shǐ	sriX	ṣı́	 send; cause	24942
要	yào	'jiewH	'ȷı̀ew	 important	24944
用	yòng	yowngH	yòwng	 use (v.)	24945
治	chí	dri	ḍı̄	 regulate, arrange	24950
治	zhì	driH driH	ḍı̀ ḍı̀	 regulate, arrange / regulate, arrange	24950
眾/衆	zhòng	tsyuwngH	ts̯ùwng	 numerous	25005
皆	jiē	keaj	kēaȷ	 all	25011
類	lèi	lwijH	lwı̀ȷ	 category	25015
疑	yí	ngi	ngı̄	 doubt	25022
屬	zhǔ	tsyowk	ts̯owk	 attach (v.t.)	25023
屬	shǔ	dzyowk	dz̯owk	 be attached to	25023
待	dài	dojX	dóȷ	 wait on; depend on	25027
去	qǔ	khjoX	khȷó		29176
去	qù	khjoH khjoX	khȷò khȷó	 depart / get rid of	29176
物	wù	mjut	mȷut	 thing	29502
朋	péng	bong	bōng	 set of cowries; friend	29539
友	yǒu	hjuwX	hȷúw	 friend	29540
妻	qī	tshej	tshēȷ	 consort, wife	29586
妻	qì	tshejH tshejH	tshèȷ tshèȷ	 give as wife / give as wife	29586
實	shí	zyit	z̯ıt	 fruit; full	44355
實	shí	zyit	z̯ıt	 fruit; full	44355
實	shí	zyit	z̯ıt	 fruit; full	44355
虛	xū	xjo khjo	xȷō khȷō	 empty / hill, mound; abandoned city	44362
城	chéng	dzyeng	dz̯ēng	 city wall	45445
木	mù	muwk	muwk	 tree, wood	45473
德	dé	tok	tok	 virtue	45776
前	qián	dzen	dzēn	 before	45937
昔	xī	sjek	sȷek	 in the past	46003
堯	Yáo	ngew	ngēw	 high	46104
河	Hé	ha	hā	 river	46117
我	wǒ	ngaX	ngá	 we, I	46954
誰	shéi	dzywij	dz̯wı̄ȷ		47041
某	mǒu	muwX	múw	 so and so; a certain	47081
所	suǒ	srjoX srjoX	ṣȷó ṣȷó	 place (n.); that which / place (n.); that which	47167
分	fēn	pjun pjun	pȷūn pȷūn	 divide / divide	48039
分	fèn	bjunH	bȷùn	 alloted duty	48039
休	xiū	xjuw	xȷūw	 rest (v.)	48265
小	xiǎo	sjewX	sȷéw	 small	48413
小人	xiǎorén	sjewX nyin	sȷéw n̯ı̄n	 small / (other) person	48413
七	qī	tshit	tshıt	 seven	49544
九	jiǔ	kjuwX	kȷúw	 nine	49548
千	qiān	tshen	tshēn	 thousand	49611
萬	wàn	mjonH	mȷòn	 10,000	49614
官	guān	kwan	kwān	 official (n.)	50724
最	zuì	tswajH	tswàȷ	 collect; most	52036
忽	hū	xwot	xwot	 careless; confused	52113
或	huò	hwok	hwok	 some; or	52144
或者	huozhě	hwok tsyaeX	hwok ts̯áe	  / (nominalizing particle)	52144
各	gè	kak	kak	 each	52158
乎	hū	hu	hū	 (Q particle)	52872
乎	hū	hu	hū	 (Q particle)	52872
反	fǎn	pjonX baenX	pȷón báen	 reverse (v.) / dignified, grand	56861
反	fǎn	pjonX baenX	pȷón báen	 reverse (v.) / dignified, grand	56861
善	shàn	dzyenX	dz̯én	 good	56881
坐	zuò	dzwaX dzwaX	dzwá dzwá	 sit / sit	56912
舜	Shùn	sywinH	s̯wı̀n	 Hibiscus	59350
父	fù	bjuX bjuX	bȷú bȷú	 father / father	59364
大父	dàfù	daH daH bjuX bjuX	dà dà bȷú bȷú	 big / big / father / father	59364
箕	jī	ki	kı̄	 winnowing basket	59372
作	zuò	tsak	tsak	 do, work	59540
樂	lè	lak lak	lak lak	 to cure / to cure	59550
樂	yuè	ngaewk	ngaewk	 music	59550
樂	yào	ngaewH	ngàew	 cause to rejoice	59550
奴	nú	nu	nū	 slave	59563
近	jìn	gj+nH gj+nX	gȷų̀n gȷų́n	 "be near to (v.t.)" / near	61507
近	jìn	gj+nH gj+nX	gȷų̀n gȷų́n	 "be near to (v.t.)" / near	61507
是	shì	dzyeX	dz̯é	 this	66470
是	shì	dzyeX	dz̯é	 this	66470
著/箸	zhù	trjoH	ṭȷò	 place (n.); visible	66539
社	shè	dzyaeX	dz̯áe	 sacrifice to the spirit of the soil	67585
會	huì	hwajH hwajH	hwàȷ hwàȷ	 meeting; have a meeting / meeting; have a meeting	67586
會	kuài	kwajH	kwàȷ	 calculate; calculation	67586
族	zú	dzuwk	dzuwk	 clan	67601
由	yóu	yuw	yūw	 follow; from	67615
與/予	yǔ	yoX yoX	yó yó	 give; for; and / give; for; and	68510
與	yǔ	yoX yoX	yó yó	 give; for; and / give; for; and	68510
與	yù	yoH	yò	 participate in	68510
月	yuè	ngjwot	ngȷwot	 moon, month	69949
冬	dōng	towng	tōwng	 winter	71377
北	běi	pok	pok	 north	71508
湯	Tāng	thang	thāng	 hot liquid	71516
兄	xiōng	xjwaeng	xȷwāeng	 elder brother	71521
弟	dì	dejX	déȷ	 younger brother	71523
弟子	dìzǐ	dejX tsiX	déȷ tsı́	 younger brother / 1st earthly branch	71523
臣	chén	dzyin	dz̯ı̄n	 slave, subject	71531
大夫	dàfū	daH daH pju pju	dà dà pȷū pȷū	 big / big / man / man	71536
夫	fú	bju	bȷū	 this, that	71536
夫	fú	bju	bȷū	 this, that	71536
夫	fū	pju pju	pȷū pȷū	 man / man	71536
夫人	fūrén	pju pju nyin	pȷū pȷū n̯ı̄n	 man / man / (other) person	71536
夫子	fūzǐ	pju pju tsiX	pȷū pȷū tsı́	 man / man / 1st earthly branch	71536
婦	fù	bjuwX	bȷúw	 woman, wife	71537
婦人	fùrén	bjuwX nyin	bȷúw n̯ı̄n	 woman, wife / (other) person	71537
長	cháng	drjang	ḍȷāng	 long (adj.)	71541
長	zhǎng	trjangX trjangX	ṭȷáng ṭȷáng	 grow; elder / grow; elder	71541
長	zhǎng	trjangX trjangX	ṭȷáng ṭȷáng	 grow; elder / grow; elder	71541
男	nán	nom	nōm	 man, male	72115
倫	lún	lwin	lwı̄n	 relationship; order; category	72491
土	tǔ	thuX	thú	 earth	73403
酒	jiǔ	tsjuwX	tsȷúw	 wine	74034
肉	ròu	nyuwk	n̯uwk	 meat, flesh	74035
川	chuān	tsyhwen	ts̯hwēn	 stream, river	74302
彼	bǐ	pjeX	pȷé	 that	76603
命	mìng	mjaengH	mȷàeng	 command (n.)	77169
仁	rén	nyin	n̯ı̄n	 kind	77188
汝/女	ru	nyoX	n̯ó		77297
金	jīn	kim	kı̄m	 metal, bronze	79004
林	lín	lim	lı̄m	 forest	79047
堂	táng	dang	dāng	 hall	79067
玉	yù	ngjowk	ngȷowk	 jade	79624
若	ruò	nyak	n̯ak	 you	81559
若	ruò	nyak	n̯ak	 you	81559
寡	gua	kwaeX	kwáe		83401
寡人	guǎrén	kwaeX nyin	kwáe n̯ı̄n	 few / (other) person	83401
弱	ruò	nyak	n̯ak	 weak	85301
強/彊/强	qiáng	gjang	gȷāng		85344
齊	qí	dzej	dzēȷ	 uniform, equal	85370
齊	Qí	dzej	dzēȷ	 uniform, equal	85370
飛	fēi	pj+j	pȷų̄ȷ	 fly (v.)	85427
鳥	niaǒ	tewX	téw		85444
衣	yī	'j+j 'j+j	'ȷų̄ȷ 'ȷų̄ȷ	 clothes / clothes	85484
衣	yì	'j+jH	'ȷų̀ȷ	 wear (v.t.)	85484
衣	yì	'j+jH	'ȷų̀ȷ	 wear (v.t.)	85484
農	nóng	nowng	nōwng	 agriculture; to farm	85646
工	gōng	kuwng	kūwng	 officer	85647
陽	yáng	yang	yāng	 bright	86650
貴	guì	kjw+jH	kȷwų̀ȷ	 precious; expensive	86658
食	shí	zyik zyik	z̯ık z̯ık	 eat / eat	86667
食	sì	ziH	zı̀	 feed (v.)	86667
越	yuè	hjwot	hȷwot	 pass over	86671
越	Yuè	hjwot	hȷwot	 pass over	86671
手	shǒu	syuwX	s̯úw	 hand	86691
寄	jì	kjeH	kȷè	 entrust to	87888
典	diǎn	tenX	tén	 statute, norm	88141
明	míng	mjaeng	mȷāeng	 bright	88160
呼	hū	xu	xū	 call out, shout	88487
報	bào	pawH	pàw	 repay	88488
報	bào	pawH	pàw	 repay	88488
齒	chǐ	tsyhiX	ts̯hı́	 front teeth	89148
犬	quǎn	khwenX	khwén	 dog	91171
半	bàn	panH	pàn	 half	91181
牛	niú	ngjuw	ngȷūw	 ox	91201
聲	shēng	syeng	s̯ēng	 sound (n.)	91603
青	qīng	tsheng	tshēng	 green or blue	92096
加	jiā	kae	kāe	 add	92109
江	Jiāng	kaewng	kāewng	 (Yangzi) river	92124
雜	zá	dzop	dzop	 mixed	92139
固	gù	kuH	kù	 fortified, secure	93223
良	liáng	ljang	lȷāng	 good	97600
良人	liángrén	ljang nyin	lȷāng n̯ı̄n	 good / (other) person	97600
車	chē	tsyhae tsyhae	ts̯hāe ts̯hāe	 chariot / chariot	97649
船	chuán	zywen	z̯wēn	 boat	97684
魚	yú	ngjo	ngȷō	 fish (n.)	98745
亂	luàn	lwanH	lwàn	 disorder, rebellion	99283
必	bì	pjit	pȷıt	 necessarily	99829
誠	chéng	dzyeng	dz̯ēng	 sincere	99836
成	chéng	dzyeng	dz̯ēng	 to become (v.i.)	100354
瞽	gu	kuX	kú		100734
主	zhu	tsyuX	ts̯ú		100755
主	zhu	tsyuX	ts̯ú		100755
制	zhì	tsyejH	ts̯èȷ	 cut out, prepare	100827
歟/與	yú	yo	yō		101891
耶/邪	yé	yae	yāe		101900
邪	xié	zjae	zȷāe	 awry	101902
真/眞	zhēn	tsyin	ts̯ı̄n	 true, real	102441
丘	qiū	khjuw	khȷūw	 hill, mound	102761
柏	bǎi	paek	paek	 cypress	103871
音	yīn	'im	'ı̄m	 sound, tone	103994
據	jù	kjoH	kȷò	 grasp; depend on	105047
給	gěi	kip	kıp		105208
李	lǐ	liX	lı́	 plum	105314
白	bái	baek	baek	 white	105315
故	gù	kuH	kù	 fact; reason	105690
兵	bīng	pjaeng	pȷāeng	 weapon	105708
引	yǐn	yinX	yı́n	 draw the bow	107487
亦	yì	yek	yek	 armpit	109505
遠	yuǎn	hjwonX	hȷwón	 far	111655
遠	yuàn	hjwonX	hȷwón		111655
簡	jiǎn	keanX	kéan	 bamboo slip for writing	112072
簡	jiaň	keanX	kéan		112072
簡	Jiǎn	keanX	kéan	 bamboo slip for writing	112072
弒	shì	syiH	s̯ı̀	 assassinate	112075
敗	bài	baejH baejH	bàeȷ bàeȷ	 suffer defeat / suffer defeat	113139
敗	bài	baejH baejH	bàeȷ bàeȷ	 suffer defeat / suffer defeat	113139
盡	jǐn	tsinX	tsı́n	 exhaust (v.)	113200
盡	jìn	dzinX dzinX	dzı́n dzı́n	 exhaust (v.) / exhaust (v.)	113200
聞	wén	mjun	mȷūn	 hear (v.)	113684
聞	wèn	mjun	mȷūn		113684
見	jiàn	kenH	kèn	 see (v.)	113686
見	xiàn	henH	hèn	 appear	113686
志	zhì	tsyiH	ts̯ı̀	 goal, intention, aspiration	114167
軍	jūn	kjun	kȷūn	 army; camp	114726
止	zhǐ	tsyiX	ts̯ı́	 foot; stop	114729
短	duǎn	twanX	twán	 short	114874
多	duō	ta	tā	 many	114936
往	wǎng	hjwangX	hȷwáng	 go to	115192
恐	kǒng	khjowngX	khȷówng	 fear	116066
懼	jù	gjuH	gȷù	 fear (v.)	116085
懼	jù	gjuH	gȷù	 fear (v.)	116085
毋/無/无	wú	mju	mȷū	 don't	116905
甚	shèn	dzyimH dzyimX	dz̯ı̀m dz̯ı́m	 excessive / excessive, very	117679
果	guǒ	kwaX	kwá	 fruit; result	118004
買	mǎi	meaX	méa	 buy	118279
能	néng	nong noj	nōng nōȷ	 a kind of bear / a kind of bear	119002
敢	gǎn	kamX	kám	 dare	119030
肯	kěn	khongX	khóng	 to be willing	119044
知	zhī	trje	ṭȷē	 know	119064
務	wù	mjuH	mȷù	 exert oneself	119095
宜	yí	ngje	ngȷē	 sacrifice to the deity of the soil (K)	119157
深	shēn	syim syim	s̯ı̄m s̯ı̄m	 deep / deep	119273
火	huǒ	xwaX	xwá	 fire	119296
熱	rè	nyet	n̯et	 hot	119314
訟	sòng	zjowngH	zȷòwng	 litigate	119362
蔡	Cài	tshajH	tshàȷ	 (name of a state)	119385
棺	guān	kwan	kwān	 inner coffin	119405
色	sè	srik	ṣık	 color; countenance	119628
罪	zuì	dzwojX	dzwóȷ	 crime, offense	119664
請	qǐng	tshjengX tshjengX	tshȷéng tshȷéng	 request / request	119794
免	miǎn	mjenX	mȷén	 avoid	121030
害	hài	hajH	hàȷ	 be hurt (v.i.); injury (n.)	121303
殺	shā	sreat	ṣeat	 kill	122233
欺	qī	khi	khı̄	 to deceive, cheat	122357
罔	wǎng	mjangX	mȷáng	 net	122376
罔	wǎng	mjangX	mȷáng	 net	122376
勢	shì	syejH	s̯èȷ	 circumstances, setting	122402
憂	yōu	'juw	'ȷūw	 grief, grieved	124548
侵	qīn	tshim	tshı̄m	 invade	124555
觀	guān	kwan kwan	kwān kwān	 look (v.) / look (v.)	124564
觀	guàn	kwanH	kwàn	 watchtower	124564
伐	fá	bjot	bȷot	 cut; strike; attack	124571
伐	fá	bjot	bȷot	 cut; strike; attack	124571
甘	gān	kam	kām	 sweet	124580
井	jǐng	tsjengX	tsȷéng	 well (n.)	124581
竭	jié	gjet	gȷet	 exhaust (v.); dry up	124583
形/刑	xíng	heng	hēng	 form, shape	126409
除	chú	drjo	ḍȷō	 remove; get rid of	126520
監	jiān	kaem	kāem	 inspect	127550
藍	lán	lam	lām	 indigo	127568
事	shì	dzriH	dẓı̀	 serve; service, affair	135705
卒	zú	tswit	tswıt	 finish, die	135815
卒	zú	tswit	tswıt	 finish, die	135815
卒	cù	tswit	tswıt		135815
徒	tú	du	dū	 go on foot	135835
徒	tú	du	dū	 go on foot	135835
里	lǐ	liX	lı́	 li (measure of distance); village	135888
里	lı̌	liX	lı́		135888
愚	yú	ngju	ngȷū		135906
廣	guǎng	kwangX	kwáng	 wide	135929
飲	yǐn	'imX	'ı́m	 drink (v.)	136854
飲	yìn	'imH	'ı̀m	 give to drink	136854
惡	è	'ak	'ak	 bad, ugly	137038
惡	wù	'uH 'uH	'ù 'ù	 hate (v.) / hate (v.)	137038
惡	wū	'u	'ū		137038
視	shì	dzyijX	dz̯ı́ȷ	 look, see	137106
示	shì	zyijH	z̯ı̀ȷ	 show (v.)	137135
椁	guǒ	kwak	kwak		138928
奪	duó	dwat	dwat	 seize	139126
聽	tīng	theng	thēng	 listen	139550
告	gào	kawH	kàw	 announce, inform	139624
賜	cì	sjeH	sȷè	 give	139733
錢	qián	dzjen	dzȷēn	 coin, money	139753
弗	fú	pjut	pȷut	 (negation)	139934
勿	wù	mjut	mȷut	 don't	139977
患	huàn	hwaenH	hwàen	 calamity; distress	140082
亡	wáng	mjang	mȷāng	 flee; disappear; die	141248
亡/亾	wáng	mjang	mȷāng	 flee; disappear; die	141248
忘	wàng	mjangH	mȷàng	 forget	141253
失	shī	syit	s̯ıt	 lose	141265
毀	huǐ	xjweX	xȷwé	 demolish	141289
順	shùn	zywinH	z̯wı̀n	 follow; obey	141425
忍	rěn	nyinX	n̯ı́n	 cruel	141446
詐	zhà	tsraeH	tṣàe	 treacherous	141469
諸	zhū	tsyo	ts̯ō	 many	142654
諸	zhū	tsyo	ts̯ō	 many	142654
取/趣	qǔ	tshjuX tshjuX	tshȷú tshȷú	 take / take	142885
桀	Jié	gjet	gȷet	 remarkable; hero	142990
紂	Zhòu	drjuwX	ḍȷúw	 leather belt used on the rump of a horse hitched to a cart; name of last Shāng ruler	143038
滕	Téng	dong	dōng		143097
求	qiú	gjuw	gȷūw	 seek	143138
救	jiù	kjuwH	kȷùw	 help, save	143158
叛/畔	pàn	banH	bàn		146409
帥/率	shuài	srwijH	ṣwı̀ȷ	 leader (of an army)	146416
帥/率	shuài	srwijH	ṣwı̀ȷ	 leader (of an army)	146416
匹夫	pıf̌ ū	phjit bju	phȷıt bȷū	  /	146420
和	hé	hwa	hwā	 harmonious	149791
和	hè	hwaH	hwà	 tune (instruments); respond in singing	149791
倉	cāng	tshang	tshāng	 tshang-kaeng 'oriole'	155318
廩	lǐn	limX	lı́m	 granary	155340
門	mén	mwon	mwōn	 gate, door	156134
門	人ménrén	mwon	mwōn	 gate, door	156134
門	下ménxià	mwon	mwōn	 gate, door	156134
社稷	shèjí	dzyaeX tsik	dz̯áe tsık	 sacrifice to the spirit of the soil /	158158
歲	suì	sjwejH	sȷwèȷ	 year	158833
貨	huò	xwaH	xwà	 (movable) property, goods	158938
敵	dí	dek	dek	 oppose; enemy	158957
禍	huò	hwaX	hwá	 calamity	159949
薪	xīn	sin	sı̄n	 firewood	160278
喪	sāng	sang	sāng	 mourning, burial	160320
喪	sàng	sangH sangH	sàng sàng	 lose; destroy / lose; destroy	160320
玄	xuán	hwen	hwēn	 dark	160457
又/有	yòu	hjuwH	hȷùw	 also, in addition	160459
犯	fàn	bjomX	bȷóm		161747
位	wèi	hwijH	hwı̀ȷ	 standing, position	162959
如	rú	nyo	n̯ō	 go to	163017
如	rú	nyo	n̯ō	 go to	163017
傷	shāng	syang	s̯āng	 wound	163057
刑	xíng	heng	hēng	 punish(ment)	163078
危	wēi	ngjwe	ngȷwē	 in danger	163200
末	mò	mat	mat	 end of a branch	164564
執	zhí	tsyip	ts̯ıp	 seize	164569
執政	zhízhèng	tsyip tsyengH	ts̯ıp ts̯èng	 seize / government	164569
右	yòu	hjuwH hjuwX	hȷùw hȷúw	 right hand / right hand	164572
左右	zuǒyòu	tsaX hjuwH hjuwX	tsá hȷùw hȷúw	 left (side) / right hand / right hand	164572
重	zhòng	drjowngX drjowngX	ḍȷówng ḍȷówng	 heavy / heavy	165118
重	chóng	drjowng	ḍȷōwng	 repeat; double	165118
黑	hēi	xok	xok	 black	165177
冠	guān	kwan	kwān	 cap (n.)	165814
冠	guàn	kwanH	kwàn	 cap (v.)	165814
冠	guàn	kwanH	kwàn	 cap (v.)	165814
路	lù	luH	lù	 road	165984
仲	zhòng	drjuwngH	ḍȷùwng	 middle (of brothers)	166331
鄭	Zhèng	drjengH	ḍȷèng	 Zhèng (a surname)	167382
漆	qī	tshit	tshıt	 varnish tree	167567
輪	lún	lwin	lwı̄n	 wheel	167961
姬	Jī	ki	kı̄	 (family name)	168262
任	rén	nyim	n̯ı̄m		168292
任	rèn	nyimH	n̯ı̀m	 burden; charge (n.)	168292
晉	Jìn	tsinH	tsı̀n	 Jìn (place name)	169014
然	rán	nyen	n̯ēn	 so, thus; (adv suffix)	169656
然	rán	nyen	n̯ēn	 so, thus; (adv suffix)	169656
然而	ránér	nyen nyi	n̯ēn n̯ı̄	 so, thus; (adv suffix) / and, but	169656
然後	ránhòu	nyen huwX huwX	n̯ēn húw húw	 so, thus; (adv suffix) / after / after	169656
然則	ránzé	nyen tsok	n̯ēn tsok	 so, thus; (adv suffix) / then	169656
殆	dài	dojX	dóȷ	 danger	171372
蓋	gài	kajH	kàȷ	 cover (v.); cover (n.)	171394
庶人	shùrén	syoH nyin	s̯ò n̯ı̄n	 numerous; commoner / (other) person	171425
幾	jī	kj+j	kȷų̄ȷ	 small; almost	171426
幾	jǐ	kj+jX kj+jX	kȷų́ȷ kȷų́ȷ	 few; how many / few; how many	171426
幾何	jǐh é	kj+jX kj+jX ha	kȷų́ȷ kȷų́ȷ hā	 few; how many / few; how many /	171426
庶幾	shùjī	syoH kj+j	s̯ò kȷų̄ȷ	 numerous; commoner / small; almost	171426
畏	wèi	'jw+jH	'ȷwų̀ȷ	 fear (v.); threaten	172315
圖	tú	du	dū	 consider	173782
改	gǎi	kojX	kóȷ	 change (v.)	173850
都	dū	tu	tū	 capital city	174033
莫	mò	mak	mak	 there is no X such that X …	174330
孰	shú	dzyuwk	dz̯uwk	 who	174347
舉	jǔ	kjoX	kȷó	 lift, raise	174355
舉	jǔ	kjoX	kȷó	 lift, raise	174355
兼	jiān	kem	kēm	 combine; at the same time	175169
遍/徧	biàn	penH	pèn		175172
侯	hóu	huw	hūw	 feudal lord	175604
諸侯	zhūhóu	tsyo huw	ts̯ō hūw	 many / feudal lord	175604
異	yì	yiH	yı̀	 different	175651
夜	yè	yaeH	yàe	 night	176002
晝	zhòu	trjuwH	ṭȷùw	 daytime	176006
豕	shǐ	syeX	s̯é	 swine	176241
立	lì	lip	lıp	 stand (v.)	176245
離	lí	lje lje	lȷē lȷē	 meet with, encounter / meet with, encounter	176486
裂	liè	ljet	lȷet	 to cut, split	177178
蔬/疏	shū	srjo	ṣȷō	 vegetable, grain	177204
囂囂	xiāoxiāo	xjew xjew	xȷēw xȷēw	  /	177309
曰	yuē	hjwot	hȷwot	 say	177313
怫然	fúrán	bj+jH nyen	bȷų̀ȷ n̯ēn	 grieved / so, thus; (adv suffix)	178099
填/塡	tián	den	dēn	 obstruct; embankment	178228
相	xiāng	sjang sjang	sȷāng sȷāng	 mutually / mutually	178256
相	xiàng	sjangH	sȷàng	 appearance, quality	178256
怒	nù	nuX	nú	 angry	178577
怒	nù	nuX	nú	 angry	178577
鼓	gǔ	kuX	kú	 drum (n.)	178655
遇	yù	ngjuH	ngȷù	 meet with	178723
哭	kū	khuwk	khuwk	 weep	179062
臥/卧	wò	ngwaH	ngwà	 lie down, sleep	181676
保	bǎo	pawX	páw	 protect	182246
同	tóng	duwng	dūwng	 together, join	182323
戶	hù	huX	hú	 to stop, to check	182390
兒	ér	nye	n̯ē	 child	185800
啼	tí	dej	dēȷ	 weep, howl	185801
醒	xǐng	sengX	séng	 wake up	185811
鵠	hú	howk	howk		185814
浴	yù	yowk	yowk		185817
淵	yuān	'wen	'wēn	 abyss	185823
喟	kuì	khweajH	khwèaȷ	 sigh	185824
歎/嘆	tàn	thanH	thàn		185826
伏	fú	bjuwk bjuwH	bȷuwk bȷùw	 lie prostrate / hatch (v.)	187135
禹	Yǔ	hjuX	hȷú	 insect; proper name	187335
貢	gòng	kuwngH	kùwng	 tribute	187336
誓	shì	dzyejH	dz̯èȷ	 swear	187614
登	dēng	tong	tōng	 a kind of sacrificial vessel	189471
啟	qǐ	#	#		189482
共/供	gōng	kjowng	kȷōwng		189514
共	gòng	gjowngH	gȷòwng	 together, all	189514
方	fāng	pjang	pȷāng	 square	189516
方	fāng	pjang	pȷāng	 square	189516
方	fāng	pjang	pȷāng	 square	189516
功	gōng	kuwng	kūwng	 work, effort	189519
靜	jìng	dzjengX	dzȷéng		189527
違	wéi	hjw+j	hȷwų̄ȷ	 go against	189530
象	xiàng	zjangX	zȷáng	 elephant	189533
象	xiàng	zjangX	zȷáng	 elephant	189533
恭	gōng	kjowng	kȷōwng	 respectful	189534
嗣	sì	ziH	zı̀	 succeed, inherit	189564
開	kāi	khoj	khōȷ	 to open (v.i.)	189568
凶	xiōng	xjowng	xȷōwng	 unlucky	189578
聚	jù	dzjuX	dzȷú	 bring together	189609
布	bù	puH	pù	 cloth	189610
稽	qǐ	khejX	khéȷ	 bow the head to the ground	189827
考	kǎo	khawX	kháw	 old; deceased father	191242
考	kǎo	khawX	kháw	 old; deceased father	191242
皮	pí	bje	bȷē	 skin	191262
于	yú	hju	hȷū	 go; at	191716
焉	yān	'jen	'ȷēn	 how	191950
焉	yán	'jon	'ȷōn		191950
起	qǐ	khiX	khı́	 rise (v.)	194351
司空	sīkōng	si khuwng khuwng	sı̄ khūwng khūwng	 superintend / hollow, empty; hole / hollow, empty; hole	196150
空	kōng	khuwng khuwng	khūwng khūwng	 hollow, empty; hole / hollow, empty; hole	196150
游/遊	yóu	yuw	yūw	 float, swim	196176
降	jiàng	kaewngH	kàewng	 descend	196292
降	xiáng	haewng	hāewng	 submit	196292
陋	lòu	luwH	lùw	 narrow; base (adj.)	196379
巷	xiàng	haewngH	hàewng	 lane, street	196402
隱	yǐn	'j+nX 'j+nX	'ȷų́n 'ȷų́n	 grieved; suffering / grieved; suffering	196677
蕩/盪	dàng	dangX	dáng	 beat furiously (of the heart)	196847
福	fú	pjuwk	pȷuwk	 blessing	197367
輕	qīng	khjieng	khȷı̄eng	 light (≠ heavy)	197392
羽	yǔ	hjuX	hȷú	 feather, wing	197438
智/知	zhì	trjeH	ṭȷè	 knowledge	197587
爭/争	zhēng	tsreang	tṣēang	 strife, quarrel	197610
託	tuō	thak	thak	 entrust	197753
魏	Wèi	ngjw+jH	ngȷwų̀ȷ	 high	198777
委	wěi	'jweX	'ȷwé	 entrust to	198797
景	Jǐng	kjaengX	kȷáeng	 bright; image	198820
弓	gōng	kjuwng	kȷūwng	 bow (n.)	198872
克	kè	khok	khok	 carry; able; dominate	198971
牧	mù	mjuwk	mȷuwk	 to herd, herdsman	198976
野	yě	yaeX	yáe	 open country	198977
紳	shēn	syin	s̯ı̄n	 sash around the waist	200418
邑	yì	'ip	'ıp	 city, town	200437
岐	Qí	gjie	gȷı̄e		200469
未	wèi	mj+jH	mȷų̀ȷ	 not yet	200514
未	wèi	mj+jH	mȷų̀ȷ	 not yet	200514
朝	cháo	drjew	ḍȷēw	 (morning) audience at court	201330
朝	zhāo	trjew trjew	ṭȷēw ṭȷēw	 morning / morning	201330
將	jiāng	tsjang tsjang	tsȷāng tsȷāng	 bring / bring	201340
將	jiàng	tsjangH	tsȷàng	 lead (v.); leader	201340
勸	quàn	khjwonH	khȷwòn	 encourage	201977
錯/措	cù	tshuH	tshù		202805
廟	miào	mjewH	mȷèw	 a kind of building with side rooms	202823
劍	jiàn	kjaemH	kȷàem	 sword	204239
墜	zhuì	drwijH	ḍwı̀ȷ	 fall down	204277
暮	mù	muH	mù		204389
雨	yǔ	hjuX hjuX	hȷú hȷú	 rain / rain	204409
雨	yu	hjuX	hȷú		204409
舟	zhōu	tsyuw	ts̯ūw	 boat	204430
移	yí	ye	yē	 move (v.)	204478
決/决	jué	kwet	kwet	 open a passage for a stream	204514
驪	Lí	lje	lȷē		204538
顧	gù	kuH	kù	 look around	208199
剛	gāng	kang	kāng	 strong; hard	208201
神	shén	zyin	z̯ı̄n	 spirit	208492
神農	Shénnóng	zyin nowng	z̯ı̄n nōwng	 spirit / agriculture; to farm	208492
伏羲	Fúxī	bjuwk bjuwH xje	bȷuwk bȷùw xȷē	 lie prostrate / hatch (v.) / (proper name)	208527
肱	gōng	kwong	kwōng	 (upper) arm	210668
擊	jī	kek	kek	 strike (v.)	210670
賤	jiàn	dzjenH	dzȷèn	 cheap; low, mean	211944
鬼	guǐ	kjw+jX	kȷwų́ȷ	 ghost	214501
怨	yuàn	'jwonH	'ȷwòn	 resentment	214546
貫	guàn	kwanH kwan	kwàn kwān	 pass through the center / pass through the center	214592
鐸	duó	dak	dak	 a kind of bell	214809
什	shí	dzyip	dz̯ıp	 troop of ten men	215533
寐	mèi	mjijH	mȷı̀ȷ	 sleep	215896
盍	hé	hap	hap	 thatch, cover (v.)	215934
昆	kūn	kwon	kwōn	 elder brother	216448
胡	hú	hu	hū	 foreigners in the north	216490
交	jiāo	kaew	kāew	 cross (v.)	217730
信	xìn	sinH	sı̀n	 truthful	217751
遊	yóu	yuw	yūw	 wander about	217786
罰	fá	bjot	bȷot	 punish	218627
祭	jì	tsjejH	tsȷèȷ	 sacrifice	218676
廢	fèi	pjojH	pȷòȷ	 cast aside	219695
俱	jù	kju	kȷū	 all, together	224838
兩	liǎng	ljangX	lȷáng	 a pair	226069
草	cǎo	tshawX	tsháw	 grass, plants	226119
稼	jià	kaeH	kàe	 grain; sow (v.)	226121
始	shǐ	syiX	s̯ı́	 begin	226656
怠	dài	dojX	dóȷ	 idle, negligent	226666
惑	huò	hwok	hwok	 deceive	226674
幹	gàn	kanH	kàn	 stem; framework	227622
源/原	yuán	ngjwon	ngȷwōn	 spring, source	227639
惠	huì	hwejH	hwèȷ	 kind, good	227716
鳴	míng	mjaeng	mȷāeng	 cry (of birds or animals)	227725
窺	kuī	khjwie	khȷwı̄e	 pry, spy (v.)	227742
牖	yǒu	yuwX	yúw	 window	227744
巨/鉅	jù	gjoX	gȷó		227779
荊	Jīng	kjaeng	kȷāeng	 briar	227799
腹	fù	pjuwk	pȷuwk	 belly	227863
骨	gǔ	kwot	kwot	 bone	227872
親	qīn	tshin	tshı̄n	 close; parents	227875
衛	Wèi	hjwejH	hȷwèȷ	 to guard	230747
穆	mù	mjuwk	mȷuwk	 harmonious	230767
丁	dīng	teng teng	tēng tēng	 4th heavenly stem / 4th heavenly stem	230806
卯	mǎo	maewX	máew	 4th earthly branch	230832
疾	jí	dzit	dzıt	 sickness	230880
疾	jí	dzit	dzıt	 sickness	230880
愈	yù	yuX	yú	 increase	230900
既/旣	jì	kj+jH	kȷų̀ȷ	 complete (v.)	230943
既而	jì'ér	kj+jH nyi	kȷų̀ȷ n̯ı̄	 complete (v.) / and, but	230943
衰	shuāi	srwij	ṣwı̄ȷ	 diminish, decline	230970
猶	yóu	yuw	yūw	 still, yet	230994
夷	Yí	yij	yı̄ȷ	 level, peaceful	231089
終	zhōng	tsyuwng	ts̯ūwng	 end	232352
留	liú	ljuw	lȷūw	 stay, remain	232398
寢	qǐn	tshimX	tshı́m	 sleep	232964
睹	dǔ	tuX	tú	 see	233041
微	wēi	mj+j	mȷų̄ȷ	 small	233837
微	wéi	mj+j	mȷų̄ȷ		233837
服	fú	bjuwk	bȷuwk	 quiver (n.)	233838
服	fú	bjuwk	bȷuwk	 quiver (n.)	233838
燭	zhú	tsyowk	ts̯owk	 torch	233913
杯	bēi	pwoj	pwōȷ	 cup	234168
束	shù	syowk	s̯owk	 bind; bundle	234233
錦	jǐn	kimX	kı́m	 brocade	234234
駟	sì	sijH	sı̀ȷ	 team of four horses	234410
尺	chǐ	tsyhek	ts̯hek	 foot (measure)	234423
選	xuǎn	sjwenX	sȷwén	 choose; count	234432
宮	gōng	kjuwng	kȷūwng	 dwelling; palace; note of scale	234446
凡	fán	bjom	bȷōm	 in every case	235485
力	lì	lik	lık	 strength	239556
閉	bì	pejH	pèȷ	 close (v.); obstruct	239627
姑	gū	ku	kū	 father's sister	241536
姑/家	gū	ku	kū	 father's sister	241536
覺	jué	kaewk kaewk	kaewk kaewk	 be aware / be aware	241853
覺	jiào	kaewH	kàew	 awaken	241853
睦	mù	mjuwk	mȷuwk	 concord	243143
誦	sòng	zjowngH	zȷòwng	 recite	243152
甲	jiǎ	kaep	kaep	 1st heavenly stem; fingernail	244093
甲	jiǎ	kaep	kaep	 1st heavenly stem; fingernail	244093
乙	yǐ	'it	'ıt	 2nd heavenly stem	244095
戊	wù	muwH	mùw	 5th heavenly stem	244101
庚	gēng	kaeng	kāeng	 7th heavenly stem	244105
辛	xīn	sin	sı̄n	 pungent; painful	244107
壬	rén	nyim	n̯ı̄m	 9th heavenly stem	244109
癸	guǐ	kjwijX	kȷwı́ȷ	 10th heavenly stem	244111
丑	chǒu	trhjuwX	ṭhȷúw	 2d earthly branch	244119
寅	yín	yij	yı̄ȷ	 3rd earthly branch	244121
辰	chén	dzyin	dz̯ı̄n	 5th earthly branch	244125
巳	sì	ziX	zı́	 6th earthly branch	244127
午	wǔ	nguX	ngú	 7th earthly branch	244129
申	shēn	syin	s̯ı̄n	 9th earthly branch	244133
酉	yǒu	yuwX	yúw	 10th earthly branch	244135
戌	xū	swit	swıt	 11th earthly branch	244137
亥	hài	hojX	hóȷ	 12th earthly branch	244139
虎	hǔ	xuX	xú	 tiger	245471
蛇	shé	zyae	z̯āe	 snake	245480
雞	jī	kej	kēȷ	 fowl, chicken	245492
狗	gǒu	kuwX	kúw	 dog	245495
謂	wèi	hjw+jH	hȷwų̀ȷ	 say, tell, call	248487
司寇	sīkòu	si khuwH	sı̄ khùw	 superintend / rob; robber	250474
寇	kòu	khuwH	khùw	 rob; robber	250474
戮	lù	ljuwk	lȷuwk	 kill	252577
令	líng	leng	lēng	 脊令 tsjek.leng (a kind of water bird)	253060
令	líng	leng	lēng	 脊令 tsjek.leng (a kind of water bird)	253060
令	lìng	ljengH ljengH	lȷèng lȷèng	 issue a command / issue a command	253060
卿	qīng	khjaeng	khȷāeng	 minister (v.)	253101
鵬	Péng	bong	bōng		253172
鄰	lín	lin	lı̄n	 group of 5 families; neighbor	253312
助	zhù	dzrjoH	dẓȷò	 help (v.)	254225
苗	miáo	mjew	mȷēw	 sprout (n.)	254836
嫁	jià	kaeH	kàe	 go (as a bride) to one's new home	254890
獸	shòu	syuwH	s̯ùw	 (wild) animal	254952
巧	qiǎo	khaewX	kháew	 artful	255605
仞	rèn	nyinH	n̯ı̀n		256170
箸	zhù	drjoH	ḍȷò	 chopsticks	256212
貧	pín	bin	bı̄n	 poor	256236
黍	shǔ	syoX	s̯ó	 Panicum miliaceum, glutinous	256706
苟	gǒu	kuwX	kúw	 if really	257426
合	hé	hop	hop	 come together; bring together	257643
仰	yǎng	ngjangX	ngȷáng	 lift the face, look up	258403
施	shī	sye	s̯ē	 give, bestow	260589
施	yì	sye	s̯ē		260589
容	róng	yowng	yōwng	 contain	261047
從容	cóngróng	dzjowng dzjowng yowng	dzȷōwng dzȷōwng yōwng	 to follow / to follow / contain	261047
狄/翟	Dí	dek	dek	 (name of a northern tribe)	261055
傲/驁	ào	ngawH	ngàw		261622
慢	màn	maenH	màen	 disrespectful	261623
蝴蝶/胡蝶	húdié	# dep	# dep	  / hu-dep: butterfly	262438
麒麟	qílín	gi lin	gı̄ lı̄n	  /	262469
召	zhào	drjewH	ḍȷèw	 summon	267640
歸	guī	kjw+j	kȷwų̄ȷ	 return (v.)	268203
歸	guī	kjw+j	kȷwų̄ȷ	 return (v.)	268203
歸	guī	kjw+j	kȷwų̄ȷ	 return (v.)	268203
室	shì	syit	s̯ıt	 chamber; house	268250
築	zhú	trjuwk	ṭȷuwk		268269
狼	láng	lang	lāng	 wolf	271795
棲	qī	sej	sēȷ	 bird's nest	271815
博	bó	pak	pak	 broad	271880
久	jiǔ	kjuwX	kȷúw	 a long time	272012
窮	qióng	gjuwng	gȷūwng	 poor	273437
烏	wū	'u	'ū	 oh!	273438
皇帝	huángdì	hwang tejH	hwāng tèȷ	 yellow and white spotted / God	275068
驕	jiāo	kjew	kȷēw		278045
鮮	xiaň	sjen	sȷēn		278048
羞	xiū	sjuw	sȷūw	 shame	280460
楮	chǔ	trhjoX	ṭhȷó		283895
葉	yè	yep	yep	 leaf	283897
美	měi	mijX	mı́ȷ	 beautiful	283953
棄	qì	khjijH	khȷı̀ȷ	 throw away, abandon	283980
擇	zé	draek	ḍaek		286044
悌/弟	tì	dejX	déȷ		287162
恆	héng	hong	hōng	 constant	288608
飢	jī	kij	kı̄ȷ	 hungry	288703
寒	hán	han	hān	 cold	288721
資	zī	tsij	tsı̄ȷ	 property, means of living	288761
帛	bó	baek	baek	 silk	288804
雖	suī	swij	swı̄ȷ	 although; even if	289437
雖然	suīrán	swij nyen	swı̄ȷ n̯ēn	 although; even if / so, thus; (adv suffix)	289437
存	cún	dzwon	dzwōn	 exist	290454
變	biàn	pjenH	pȷèn	 change (v.)	290625
隨	suí	zjwe	zȷwē	 follow	291575
隨	Suí	zjwe	zȷwē	 follow	291575
蹄	tí	dej	dēȷ		291595
踐	jiàn	dzjenX	dzȷén	 tread, trample	291613
霜	shuāng	srjang	ṣȷāng	 hoar-frost	291636
雪	xuě	sjwet	sȷwet	 snow	291658
毛	máo	maw	māw	 hair	291676
禦	yù	ngjoX	ngȷó	 ward off, withstand; sacrifice	291693
風	fēng	pjuwng pjuwng	pȷūwng pȷūwng	 wind (n.) / wind (n.)	291711
別	bié	pjet bjet	pȷet bȷet	 separate (tr.) / be separated (intr.)	293023
別	bié	pjet bjet	pȷet bȷet	 separate (tr.) / be separated (intr.)	293023
勞	lào	lawH	làw	 to reward for toil	295078
勞	láo	law law	lāw lāw	 toil / toil	295078
息	xí	sik	sık		295081
慮	lǜ	ljoH	lȷò	 think, consider	295121
乘	chéng	zying zying	z̯ı̄ng z̯ı̄ng	 ride (v.) / ride (v.)	295125
乘	shèng	zyingH	z̯ı̀ng	 vehicle	295125
吠	fèi	bjojH	bȷòȷ	 bark (v.)	295147
及	jí	gip	gıp	 reach to	296216
盟	méng	mjaeng	mȷāeng	 covenant	296220
宰	zǎi	tsojX	tsóȷ	 steward; minister	296246
宰夫	zǎifū	tsojX pju pju	tsóȷ pȷū pȷū	 steward; minister / man / man	296246
且	qiě	tshjaeX tshjaeX	tshȷáe tshȷáe	 moreover / moreover	305232
舍	shě	syaeX	s̯áe	 set aside, give up	305879
舍	shè	syaeH syaeH	s̯àe s̯àe	 lodging-house / lodging-house	305879
謀	móu	mjuw	mȷūw	 plan (v.)	305961
依	yī	'j+j	'ȷų̄ȷ	 lean upon	306070
慟	tòng	duwngH	dùwng	 grieved	306109
哉	zāi	tsoj	tsōȷ	 begin	307588
奚	xī	hej	hēȷ	 why, what	309300
巍巍	wéiwéi	ngjw+j ngjw+j	ngȷwų̄ȷ ngȷwų̄ȷ	  /	309844
討	tǎo	thawX	tháw	 examine; denounce	310590
斯	sī	sje	sȷē	 split (v.)	311212
勝	shēng	sying	s̯ı̄ng	 equal to, capable of	311231
勝	shèng	syingH syingH	s̯ı̀ng s̯ı̀ng	 overcome; surpass / overcome; surpass	311231
夢	mèng	mjuwngH	mȷùwng	 dream	311249
嗚呼	wūhū	'u xu	'ū xū	  / call out, shout	315384
哀	āi	'oj	'ōȷ	 to pity; sad	315386
全	quán	dzjwen	dzȷwēn	 complete (adj.)	315426
險	xiǎn	xjaemX	xȷáem	 precipitous, dangerous	319802
次	cì	tshijH	tshı̀ȷ	 lodge (v.)	319898
臭	chòu	tsyhuwH	ts̯hùw	 odor, to stink (intransitive)?	322376
娶	qǔ	sju	sȷū		323382
黎民	límín	lej mjin	lēȷ mȷı̄n	 old / people	323435
黎	lí	lej	lēȷ	 old	323435
脣	chún	zywin	z̯wı̄n	 lip	323992
貳	èr	nyijH	n̯ı̀ȷ	 two	327161
謁	yè	'jot	'ȷot	 go to visit	327225
饑	jī	kj+j	kȷų̄ȷ	 famine	329015
宣	xuān	sjwen	sȷwēn	 spread (v.)	330661
辜	gū	ku	kū		330677
述	shù	zywit	z̯wıt	 follow	330777
頌	sòng	zjowngH	zȷòwng	 praise	331814
桃	táo	daw	dāw	 peach	332033
遂	suì	zwijH	zwı̀ȷ	 advance (v.)	337488
濟	jì	tsejH	tsèȷ	 cross a stream; rescue	339249
縱	zòng	tsjowngH	tsȷòwng	 let loose	339500
悔	huǐ	xwojX	xwóȷ	 regret, repent	340071
材	cái	dzoj	dzōȷ	 timber	340092
縣	xiàn	hwenH	hwèn	 district	340124
況	kuàng	xjwangH	xȷwàng	 compare with, be equal to	340191
圍	wéi	hjw+j	hȷwų̄ȷ	 surround	342821
蕭	Xiāo	sew	sēw	 Artemisia	342823
掌	zhǎng	tsyangX	ts̯áng	 palm of the hand	344206
拜	bài	peajH	pèaȷ	 bow, bend (v.)	344238
首	shǒu	syuwX	s̯úw	 head	344271
鄙	bǐ	pijX	pı́ȷ	 border town	345830
處	chǔ	tsyhoX tsyhoX	ts̯hó ts̯hó	 be at / be at	345851
處	chù	tsyhoH	ts̯hò	 place (n.)	345851
答	dá	top	top	 answer	345887
屏	bǐng	pjieng	pȷı̄eng		347704
聰	cōng	tshuwng	tshūwng	 hear well; intelligent	347716
樸	pǔ	phaewk	phaewk	 unworked wood	348801
厚	hòu	huwX	húw	 thick	348803
偽	wèi	#	#		348811
封	fēng	pjowng	pȷōwng	 raise a mound; enfeoff	349036
遺	yí	ywij ywij	ywı̄ȷ ywı̄ȷ	 leave; reject / leave; reject	349060
遺	wèi	ywijH	ywı̀ȷ	 to present	349060
陷	xiàn	heamH	hèam	 fall into a pit	349102
鄉	xiāng	xjang xjang	xȷāng xȷāng	 village; district / village; district	349126
鄉	xiàng	xjangH	xȷàng	 to face	349126
耨	nòu	nuwH	nùw	 to hoe, to weed	349230
養	yaňg	yangX	yáng		349254
饜	yàn	'jemH	'ȷèm	 satiated	349402
辱	rù	nyowk	n̯owk		349413
囿	yòu	hjuwH	hȷùw	 park, garden	349428
不肖	bùxiào	pjuw sjewH	pȷūw sȷèw	 not / resemble	351671
竹	zhú	trjuwk	ṭȷuwk	 bamboo	367367
悅/說	yuè	ywet	ywet		369355
稱	chēng	tsyhing	ts̯hı̄ng	 weigh; evaluate; call	369446
俗	sú	zjowk	zȷowk	 ways, customs; vulgar	369517
融融	róngróng	yuwng yuwng	yūwng yūwng	 hot air, steam, heat / hot air, steam, heat	370123
慍	yùn	'junH	'ȷùn		371090
退	tuì	thwojH	thwòȷ	 withdraw (≠ advance)	371149
彌	mí	mjie	mȷı̄e	 to complete	371160
即/卽	jí	tsik	tsık	 go to	371183
云	yún	hjun	hȷūn	 say	371213
踰	yú	yu	yū	 pass over	372444
矩	jǔ	kjuX	kȷú	 carpenter's square	372467
辟	bì	pjiek bek	pȷıek bek	 ruler, prince / inner coffin	372565
辟/闢	pì	bjiek	bȷıek		372565
計	jì	kejH	kèȷ	 calculate	372601
備	bèi	bijH	bı̀ȷ	 complete (adj.)	372609
備	bèi	bijH	bı̀ȷ	 complete (adj.)	372609
童	tóng	duwng	dūwng	 boy	372616
畜	xù	xjuwH	xȷùw	 domestic animal	372660
畜	chù	trhjuwH	ṭhȷùw	 domesticated animals	372660
對	duì	twojH	twòȷ	 respond	372891
趨	qū	tsrhju	tṣhȷū	 hasten	373711
庭	tíng	deng	dēng		373730
飾	shì	syik	s̯ık	 adorn	374047
參	cān	tshom	tshōm	 accumulate	374687
恕	shù	syoH	s̯ò	 indulgent	375956
應	yìng	'ing	'ı̄ng		376158
量	liàng	ljangH	lȷàng	 measure (n.)	376175
賓	bīn	pjin	pȷı̄n	 guest	376811
承	chéng	dzying	dz̯ı̄ng	 receive	376830
邦	bāng	paewng	pāewng	 country	376898
敏	mǐn	minX	mı́n	 diligent, active	376928
寬	kuān	khwan	khwān	 vast, wide	377005
侮	wǔ	mjuX	mȷú	 insult (v.)	377032
遲	chí	drij	ḍı̄ȷ	 slow	377080
佑/右/祐	yòu	hjuwH	hȷùw	 assist	377422
動	dòng	duwngX	dúwng	 move	378966
約	yuē	'jak	'ȷak	 bind (v.), make an agreement	379013
禁	jìn	kimH	kı̀m	 prohibit	379170
每	měi	mwojX	mwóȷ	 each	379828
鄹/鄒	Zōu	tsrjuw	tṣȷūw		379924
懷	huái	hweaj	hwēaȷ	 bosom; embrace	381606
嗜	shì	dzyijH	dz̯ı̀ȷ	 enjoy	381775
度	dù	duH duH	dù dù	 measure (n.) / measure (n.)	387675
度	duó	dak	dak	 measure (v.)	387675
維	wéi	ywij	ywı̄ȷ	 rope for tying	387680
廉	lián	ljem	lȷēm	 frugal	387691
恥/耻	chǐ	trhiX	ṭhı́	 shame; ashamed	387692
飭/飾	chì	trhik	ṭhık		387705
槁	gǎo	#	#		388037
暴	bào	bawH	bàw	 violent	388056
暴/曓	pù	buwk	buwk	 expose to sun	388056
衍	yǎn	yenX	yén	 overflow	388463
裘	qiú	gjuw	gȷūw	 fur garment	388600
辯	biàn	bjenX	bȷén	 distinguish, dispute (v.)	388922
倒	daǒ	tawX	táw		388949
譽	yù	yo	yō	 praise (v.)	389070
蕪	wú	mju	mȷū	 overgrown with weeds	389408
曠	kuàng	khwangH	khwàng	 desolate, waste	389409
姦/菅	jiān	kaen	kāen	 wicked(ness)	389421
叟	sǒu	suwX	súw	 old man	394331
號	hào	haw	hāw		394389
旅	lǚ	ljoX	lȷó	 military unit of 500 men; to go	394448
卑	bēi	pjie	pȷı̄e	 low, humble	394450
幣	bì	bjiejH	bȷı̀eȷ	 offering of silk	394453
招	zhāo	tsyew	ts̯ēw		394457
表	biǎo	pjewX	pȷéw	 exterior	394478
征	zhēng	tsyeng	ts̯ēng	 to correct; to go on a punitive expedition	396283
適	shì	syek syek	s̯ek s̯ek	 scared / scared	396381
刺	cì	tshjeH	tshȷè	 sharp point, thorn	396434
賦	fù	pjuH	pȷù	 tax	397702
比	bì	pjijH	pȷı̀ȷ	 combine; all	398818
比	bì	pjijH	pȷı̀ȷ	 combine; all	398818
省	shěng	srjaengX	ṣȷáeng		398899
省	xǐng	sjengX	sȷéng	 inspect	398899
薄	bó	bak	bak	 thin	398948
稅	shuì	sywejH	s̯wèȷ		398971
斂	liǎn	ljemX	lȷém	 gather	398991
壯	zhuàng	tsrjangH	tṣȷàng	 robust	399016
梃	tǐng	dengX	déng		399095
撻	tà	that	that		399112
權	quán	gjwen	gȷwēn	 weight of a steelyard	399242
威/畏	wēi	'jw+j	'ȷwų̄ȷ	 awe-inspiring	399256
急	jí	kip	kıp	 urgent	399389
破	pò	phaH	phà	 break (v.)	399453
襲	xí	zip	zıp	 repeat; additional robe	399484
徙	xǐ	sjeX	sȷé	 move (to)	399518
洗/洒	xǐ	sejX	séȷ	 wash	399535
致	zhì	trijH	ṭı̀ȷ	 (cause to arrive): transmit	399575
堅	jiān	ken	kēn	 solid, strong	401471
凍	dòng	tuwngH	tùwng	 freeze	401533
餓	è	ngaH	ngà	 hungry	401554
散	sàn	sanH sanH	sàn sàn	 scatter (v.t.) / scatter (v.t.)	401592
溺	nì	nek	nek	 to sink in water	401614
困	kùn	khwonH	khwòn	 obstruct; distress	401798
虐	nüè	ngjak	ngȷak	 cruel	401831
湍	tuān	thwan	thwān	 rushing water	403165
流	liú	ljuw	lȷūw	 flow (v.)	403213
搏	bó	pak	pak	 strike	403272
躍	yuè	yak	yak	 leap, jump	403289
顙	sǎng	sangX	sáng	 forehead	403306
豈	qǐ	khj+jX khj+jX	khȷų́ȷ khȷų́ȷ	 how / how	403347
喻	yù	yuH	yù	 understand; metaphor	403443
冰	bīng	ping	pı̄ng	 ice	412788
繩	shéng	zying	z̯ı̄ng	 string, cord	412858
輮/揉	róu	nyuwX	n̯úw		412878
才	cái	dzoj	dzōȷ	 talent, ability	412947
曲	qū	khjowk	khȷowk	 to bend	412967
曲	qǔ	khjowk	khȷowk		412967
規	guī	kjwie	kȷwı̄e	 compass, circle	412969
挺	tǐng	thengX	théng	 stand up straight	412979
乾	qián	gjen	gȷēn	 heaven; heavenly	413001
礪	lì	ljejH	lȷèȷ	 grindstone	413524
臨	lín	lim	lı̄m	 look down at	413631
谿	xī	khej	khēȷ	 valley with stream in it	413653
原	yuán	ngjwon	ngȷwōn	 spring, source; origin	413891
妄	wàng	mjangH	mȷàng	 reckless	413945
革	gé	keak	keak	 hide, skin	414142
滅	miè	mjiet	mȷıet	 destroy	414189
須	xū	sju	sȷū	 beard	415526
須臾	xūyú	sju yu	sȷū yū	 beard / pull, drag	415527
跂	qǐ	gjie	gȷı̄e		415548
介	jiè	keajH	kèaȷ	 armour; scale of animals	415629
提	tí	dej	dēȷ	 lift, grasp	415757
節	jié	tset	tset	 joint	415762
彰/章/璋	zhāng	tsyang	ts̯āng		416864
臂	bì	pjieH	pȷı̀e	 arm	417252
檝	jí	dzip	dzıp		417381
積	jī	tsjek	tsȷek	 accumulate	417528
殘	cán	dzan	dzān	 damage; hurt; cruel	418086
賊	zéi	dzok	dzok	 injure; murderer, bandit	418118
淫	yín	yim	yı̄m	 excess; licentious	418163
貪	tān	thom	thōm	 to covet	418328
議	yì	ngjeH	ngȷè	 discuss	418408
矯	jiǎo	kjewX	kȷéw	 falsify	418435
蔽	bì	pjiejH	pȷı̀eȷ	 cover (v.)	418492
嫉/疾	jí	dzijH	dzı̀ȷ		418545
避/辟	bì	bjieH bjieH	bȷı̀e bȷı̀e	 avoid / avoid	419146
設	shè	syet	s̯et	 set up	419158
察	chá	tsrheat	tṣheat	 examine	419982
導/道	daǒ	dawH	dàw		420027
氣	qì	khj+jH	khȷų̀ȷ	 cloudy vapors	421447
禽	qín	gim	gı̄m	 bird; animal	421484
禽獸	qínshòu	gim syuwH	gı̄m s̯ùw	 bird; animal / (wild) animal	421484
羣/群	qún	gjun	gȷūn	 flock, herd, group	421547
裁	cái	dzoj	dzōȷ	 cut out clothes	421876
頃	qǐng	khjwiengX	khȷwı́eng	 interval, short while	423359
育	yù	yuwk	yuwk	 breed, produce	423422
殖	zhí	dzyik	dz̯ık	 grow, flourish (v.)	423441
橋	qiáo	gjew	gȷēw	 bridge	431048
康	kāng	khang	khāng	 empty	433157
進	jìn	tsinH	tsı̀n	 advance (v.)	436760
驚	jīng	kjaeng	kȷāeng	 be afraid	439456
亟	jí	kik	kık	 urgently	439481
亟	qì	khiH	khı̀	 often	439481
巖	yán	ngaem	ngāem	 rocky, lofty	439524
虢	Guó	kwaek	kwaek	 (place name)	439550
追	zhuī	trwij	ṭwı̄ȷ	 pursue	439619
掘/闕	jué	gjut	gȷut	 dig out (earth)	439631
奔	bēn	pwon	pwōn	 run (v.)	439729
逆	nì	ngjaek	ngȷaek	 go against	439788
屢	lǚ	ljuH	lȷù	 frequently	439830
厭	yàn	'jiemX	'ȷı́em		440782
早	zǎo	tsawX	tsáw	 early	440883
雉	zhì	drijX	ḍı́ȷ	 pheasant	441102
堪	kān	khom	khōm	 able to bear	441177
滋/兹	zī	tsi	tsı̄	 abundant	441271
蔓	màn	man	mān		441292
寵	chǒng	trhjowngX	ṭhȷówng	 favor, grace	441336
斃	bì	bjiejH	bȷı̀eȷ	 fall down (from wound or illness)	441385
丈夫	zhàng fū	drjangX pju pju	ḍȷáng pȷū pȷū	 ten feet / man / man	441450
逃	táo	daw	dāw	 flee	441581
置	zhì	triH	ṭı̀	 put, place; set upright	441615
結	jié	ket	ket	 tie (v.)	441624
暱	nì	nrit	ṇıt	 close, intimate	441904
崩	bēng	pong	pōng	 collapse (v., of a mountain)	441926
完	wán	hwan	hwān	 finish (v.)	441949
繕	shàn	dzyenH	dz̯èn	 (make good:) repair	441998
具	jù	gjuH	gȷù	 arrange, provide	442025
期	qī	gi	gı̄	 period of time	442112
譏	jī	kj+j	kȷų̄ȷ		442277
寘	zhì	tsyeH	ts̯è	 to place	442299
邊	biān	pen	pēn	 side	442449
境/竟	jìng	kjaengX	kȷáeng		442450
帶	dài	tajH	tàȷ	 girdle, strap	442452
一帶甲	dàijia	'jit tajH kaep	'ȷıt tàȷ kaep	  / girdle, strap /	442452
紀	jì	kiX	kı́		442760
鼎	dǐng	tengX	téng	 cauldron	442767
責	zhài	tsreaH	tṣèa	 debt	442856
誨	huì	xwojH	xwòȷ	 instruct	442866
爵	jué	tsjak	tsȷak	 nobility, rank	442881
羹	gēng	kaeng	kāeng	 soup	444671
繄	yī	'ej	'ēȷ		444691
隧	suì	zwijH	zwı̀ȷ	 tunnel, path	444760
饋	kuì	gwijH	gwı̀ȷ	 present of food (<food basket ?)	444925
洩洩	yìyì	yejH yejH	yèȷ yèȷ	  /	446719
純	chún	dzywin	dz̯wı̄n	 pure, unmixed	446741
匱	kuì	gwijH	gwı̀ȷ		446914
永	yǒng	hjwaengX	hȷwáeng	 long (time)	446916
彫	diāo	tew	tēw	 engrave, carve	447602
牆	qiáng	dzjang	dzȷāng		447622
臺	tái	doj	dōȷ	 tower	447642
彈	tán	dan dan	dān dān	 shoot pellets / shoot pellets	447663
丸	wán	hwan	hwān	 pellet; ball	447682
胹	ér	nyi	n̯ı̄		447724
熊	xióng	hjuwng	hȷūwng	 bear (n.)	447751
蹯	fán	bjon	bȷōn		447771
熟/孰	shú	dzyuwk	dz̯uwk	 cooked, ripe	447788
畚	běn	pwonX	pwón	 basket	447816
驟	zòu	dzrjuwH	dẓȷùw		447922
諫	jiàn	kaenH	kàen	 admonish	447947
晨	chén	dzyin	dz̯ı̄n	 early	447983
盛	shèng	dzyengH	dz̯èng	 full, abundant	448028
槐	huái	hweaj	hwēaȷ	 Sophora	448148
昭	zhāo	tsyew	ts̯ēw	 bright	449552
侍	shì	dzyiH	dz̯ı̀	 accompany, wait upon	450290
宴	yàn	'enH	'èn	 feast (n.)	450314
扶	fú	bju	bȷū	 crawl	450353
嗾	sǒu	suwX	súw		450374
獒	áo	ngaw	ngāw		450406
猛	měng	maengX	máeng		450424
鬬/鬪	dòu	tuwH	tùw		450449
佃/田	tián	den	dēn		452374
宦	huàn	hwaenH	hwàen	 servant	452487
否	fǒu	pjuwX	pȷúw	 not	452506
雷	léi	lwoj	lwōȷ	 thunder	452579
病	bìng	bjaengH	bȷàeng	 extreme illness	452673
簞	dān	tan	tān		453319
橐	tuó	thak	thak	 sack; bellows	453490
戟	jǐ	kjaek	kȷaek	 a kind of lance	453571
飯	fàn	bjonX	bȷón	 eat	453796
圓/員	yuán	hjwen	hȷwēn	 round	453799
更	gēng	kaeng	kāeng	 change (v.)	453943
迎	yìng	ngjaengH	ngȷàeng	 go to meet	454043
狐	hú	hu	hū	 fox	455937
惜	xī	sjek	sȷek	 regret; alas	455993
盜	dào	dawH	dàw	 steal	456453
宅	zhái	draek	ḍaek	 residence	456566
謗	bàng	pangH	pàng	 slander	465386
巫	wū	mju	mȷū	 magician	465435
弭/彌	mǐ	mjieX	mȷı́e	 bow decorated with bone or ivory ends	465493
障	zhàng	tsyang	ts̯āng		466629
防	fáng	bjang	bȷāng	 dike	466635
口	kǒu	khuwX	khúw	 mouth	466703
壅	yōng	'jowng	'ȷōwng		466722
潰	kuì	hwojH	hwòȷ	 break through an embankment (of water)	466743
斟酌	zhēnzhuó	tsyim tsyak	ts̯ı̄m ts̯ak	 deliberate (v.) / pour; deliberate (v.)	466826
悖	bèi	bwojH	bwòȷ	 confused	466851
財	cái	dzoj	dzōȷ	 wealth	466875
隰	xí	zip	zıp	 low, wet ground	466918
沃	wò	'owk	'owk		466962
阜	fù	bjuwX	bȷúw	 big mound	467031
娣	dì	dejX	déȷ	 younger secondary wife	471401
速/遫	sù	suwk	suwk	 invite	471503
警/䜘/儆	jǐng	kjaengX	kȷáeng	 warn, admonish	471616
御	yù	ngjoH ngjoX	ngȷò ngȷó	 drive a chariot (loan) / ward off; withstand	471801
吉	jí	kjit	kȷıt	 auspicious	471897
優	yōu	'juw	'ȷūw	 entertainer; liberal	472380
精	jīng	tsjeng	tsȷēng	 fine rice; pure	472577
潔/絜	jié	ket	ket	 pure, purify	472600
僨	fèn	pjunH	pȷùn		472622
讒	chán	dzream	dẓēam		472650
賂	lù	luH	lù	 wealth; present (v.)	472672
疆	jiāng	kjang	kȷāng	 boundary	472719
埸	yì	yek	yek		472805
旌	jīng	tsjeng	tsȷēng	 pennon, banner	474995
漠/莫	mò	mak	mak		475036
妙	miào	mjiewH	mȷı̀ew	 marvelous	483954
徼	jiào	kewH	kèw	 limit	483980
宇	yǔ	hjuX	hȷú	 eaves	485056
講	jiǎng	kaewngX	káewng	 explain; discuss	485142
便	biàn	bjienH	bȷı̀en	 comfortable; advantageous	485220
沒	mò	mwot	mwot	 to dive, drown, die	485227
勉	miǎn	mjenX	mȷén	 make an effort	485236
並	bìng	bengX	béng	 side by side, together	485297
傾	qīng	khjwieng	khȷwı̄eng	 incline (v.)	487232
恃	shì	dzyiX	dz̯ı́	 depend on	488752
顯	xiǎn	xenX	xén	 display, manifest	488839
柱	zhù	drjuX	ḍȷú	 pillar	488905
享	xiǎng	xaeng	xāeng	 penetrate	488932
享	xiǎng	xaeng	xāeng	 penetrate	488932
質	zhì	trijH	ṭı̀ȷ	 hostage; gift	490030
質	zhì	trijH	ṭı̀ȷ	 hostage; gift	490030
運	yùn	hjunH	hȷùn	 turn round, move	490100
盈	yíng	yeng	yēng	 fill	501591
英	yīng	'jaeng	'ȷāeng	 young grass plants	504976
栩栩	xǔxǔ	hjuX hjuX	hȷú hȷú	  /	505782
愉/喻	yú	yu	yū	 enjoy	505809
俄	é	nga	ngā		505851
蘧蘧	qúqú	gjo gjo	gȷō gȷō	  /	505894
竊	qiè	tshet	tshet	 steal	508235
苦	kǔ	khuX	khú	 bitter	508253
斲	zhuó	traewk	ṭaewk	 chop, cleave	508912
椎	chuí	drwij	ḍwı̄ȷ	 hammer	508955
鑿	zuò	dzuwk	dzuwk		508976
糟	zāo	tsaw	tsāw	 dregs	509017
粕/魄	pò	phak	phak		509041
踞	jù	kjoH	kȷò		512786
盆	pén	bwon	bwōn	 bowl, basin	512802
歌	gē	ka	kā	 sing, song	512819
概然	gàirán	kojH nyen	kòȷ n̯ēn	 to strickle / so, thus; (adv suffix)	512836
芒芒	mángmáng	mang mang	māng māng	 awn, beard of grain / awn, beard of grain	512897
芒芴	mángwù	mang mjut	māng mȷut	 awn, beard of grain /	512898
垂	chuí	dzywe	dz̯wē	 hang down	512953
敖	áo	ngaw	ngāw	 tall	513003
偃	yaň	'jonX	'ȷón		514710
噭噭然	jiàojiàorán	kewH kewH nyen	kèw kèw n̯ēn	  /  / so, thus; (adv suffix)	514750
槪	gài	#	#		514824
累	lěi	ljwe	lȷwē	 rope (to tie s.o. up)	514877
葬	zàng	tsangH	tsàng	 bury	522052
圃	pǔ	puX	pú		524832
虧	kuī	khjwe	khȷwē	 diminish	524887
攘	ráng	nyang nyang	n̯āng n̯āng	 oppose, disturb / oppose, disturb	524904
豚	tún	dwon	dwōn	 young pig	524922
欄	lán	lan	lān		526601
廄	jiù	kjuwH	kȷùw	 stable (n.)	526891
拖/扡/拕	tuō	tha	thā	 draw, pull	528174
戈	gē	kwa	kwā	 dagger-axe	528219
藏	cáng	dzang dzang	dzāng dzāng	 store (v.) / store (v.)	529693
滿	mǎn	manX	mán	 full	532429
挾	xié	hep	hep	 grasp	532533
矢	shǐ	syijX	s̯ı́ȷ	 arrow	532551
射	shè	zyaeH	z̯àe	 shoot; archer	532592
脊	jǐ	tsjek	tsȷek	 spine, backbone	532640
殪	yì	'ejH	'èȷ		532657
弢	tāo	thaw	thāw		532678
裳	cháng	dzyang	dz̯āng	 lower garment	532958
令尹	lìngyǐn	ljengH ljengH ywinX	lȷèng lȷèng ywı́n	 issue a command / issue a command / govern; governor	533203
戒/誡	jiè	keajH	kèaȷ	 be on guard	535070
誅	zhū	trju	ṭȷū	 punish; kill	535122
憯	cǎn	tshomX	tshóm		535153
祥	xiáng	zjang	zȷāng	 auspicious	535237
闇	àn	'omH	'òm		537015
萌	méng	meang	mēang		537026
賞	shǎng	syangX	s̯áng	 reward (v.)	538690
祗	zhī	tsyij	ts̯ı̄ȷ		547977
悟/寤	wù	nguH	ngù	 awake, realize	549795
效/校	xiào	haewH	hàew	 imitate, follow	549819
霸	bà	paeH	pàe	 have hegemony	550049
覆	fù	phjuwk phjuwH	phȷuwk phȷùw	 turn over / cover	551503
覆	fù	phjuwk phjuwH	phȷuwk phȷùw	 turn over / cover	551503
枉	wǎng	'jwangX	'ȷwáng	 crooked; depraved	551611
絶/絕	jué	#	#		551648
逐	zhú	drjuwk	ḍȷuwk	 pursue	561862
馳	chí	drje	ḍȷē	 gallop	562887
糧	liáng	ljang	lȷāng	 grain, provisions	562977
費	fèi	phj+jH	phȷų̀ȷ	 squander	563003
客	kè	khaek	khaek	 guest	563030
膠	jiāo	kaew	kāew	 glue	563049
奉	fèng	bjowngX	bȷówng	 present (v.) with both hands	563088
鈍/頓	dùn	dwonH	dwòn		563109
挫	cuò	tswaH	tswà		563131
銳	duì	ywejH	ywèȷ		563155
殫	dān	tan	tān		563198
弊	bì	bjiejH	bȷı̀eȷ		563220
步	bù	buH	bù	 step	563320
駕	jià	kaeH	kàe	 hitch horses to a chariot	563327
疲/罷	pí	bje	bȷē	 weary, exhausted	563580
伍	wǔ	nguX	ngú	 group of five	563648
役	yì	ywek	ywek	 war expedition; service	565130
籍	jí	dzjek	dzȷek	 register (n.)	565152
驅	qū	khju	khȷū	 drive (horses) forward	566702
拔	bá	beat	beat	 uproot	567629
倍	bèi	bwojX	bwóȷ	 double	567672
擒	qín	gim	gı̄m	 catch	567715
并/幷	bìng	pjiengH	pȷı̀eng	 combine two things	567998
均	jūn	kjwin	kȷwı̄n	 even, equal	568068
輔	fǔ	bjuX	bȷú	 help	568663
隙	xì	khjaek	khȷaek	 crack (n.)	568713
縻	mí	mje	mȷē		568742
負	fù	bjuwX	bȷúw	 carry on the back	568822
負	fù	bjuwX	bȷúw	 carry on the back	568822
負	fù	bjuwX	bȷúw	 carry on the back	568822
談	tán	dam	dām	 speak	574704
嚴	yán	ngjaem	ngȷāem	 stern, majestic	579884
造	zào	dzawX	dzáw	 make	581541
諺	yàn	ngjenH	ngȷèn	 saying, proverb	583314
吏	lì	liH	lı̀	 officer	584488
委吏	wěilì	'jweX liH	'ȷwé lı̀	 entrust to / officer	584488
拘	jū	kju	kȷū		584567
讎/仇	chóu	dzyuw	dz̯ūw	 pay back; enemy	584665
粟	sù	sjowk	sȷowk	 grain (rice or millet) in husk	585991
后	hòu	huwX	húw	 sovereign; queen	587554
潤	rùn	nywinH	n̯wı̀n		587744
繼	jì	kejH	kèȷ	 continue	593246
勳	xūn	xjun	xȷūn		593294
辨/辯	biàn	bjenX	bȷén	 distinguish	593579
舞	wǔ	mjuX	mȷú	 dance (v.)	593757
蠹	dù	tuH	tù	 grubs in wood, vermin	598779
蟲	chóng	drjuwng	ḍȷūwng	 insect	599452
搆	gòu	kuwH	kùw		599493
巢	cháo	dzraew	dẓāew	 nest	599513
蓏	luǒ	lwaX	lwá		599551
蜯	bàng	baewngX	báewng	 oyster, mussel	601310
蛤	gé	kop	kop		601331
腥	xīng	seng	sēng		601350
臊	sāo	saw	sāw	 fat of swine or dog	601374
胃	wèi	hjw+jH	hȷwų̀ȷ	 stomach	601394
鑽	zuān	tswan	tswān	 perforate, penetrate	601415
燧	suì	zwijH	zwı̀ȷ		601435
瀆	dú	duwk	duwk		601466
織	zhī	tsyik	ts̯ık	 weave (v.)	603099
俠	xiá	hep	hep		604537
私	sī	sij	sı̄ȷ	 private	604603
趣	qù	tshjuH	tshȷù	 hasten to	604708
背	bèi	bwojH	bwòȷ	 turn the back on	606067
環	huán	hwaen	hwāen	 ring (n.)	606223
悉	xī	sit	sıt	 completely	608500
香	xiāng	xjang	xȷāng	 fragrance	619373
照/炤	zhào	tsyewH	ts̯èw	 shine on	619839
鉅子	jùzĭ	gjoX tsiX	gȷó tsı́	  /	621932
庖	páo	baew	bāew		621973
調	tiáo	dew	dēw	 tune (v.), adjust	621994
專	zhuān	tsywen	ts̯wēn	 exclusively	624500
乏	fá	bjop	bȷop	 lack (v.)	632924
諾	nuò	nak	nak	 agree, say yes	633017
倚	yǐ	'jeX	'ȷé	 lean on	633226
鋏	jiá	kep	kep		633266
揭	jiē	gjet	gȷet	 lift, raise	633328
署	shǔ	dzyoH	dz̯ò	 to place; position	635196
怪	guài	kweajH	kwèaȷ	 extraordinary	635217
謝	xiè	zjaeH	zȷàe	 decline, renounce	635243
倦	juàn	gjwenH	gȷwèn		635266
憒	kuì	kwojH	kwòȷ		635292
裝	zhuāng	tsrjang	tṣȷāng		635410
券	quàn	khjwonH	khȷwòn		635434
契	qì	khejH	khèȷ	 script notches	635457
償	cháng	dzyang	dz̯āng		636819
燒	shāo	syew	s̯ēw	 burn	636916
珍	zhēn	trin	ṭı̄n	 precious thing	637009
充	chōng	tsyhuwng	ts̯hūwng	 full, fill	637294
奈/柰	nài	najH	nàȷ	 cope with	638877
區區	qūqū	khju khju	khȷū khȷū	  /	638900
拊	fǔ	phjuX	phȷú		638923
朞/期	jī	ki	kı̄		638967
攜	xié	hwej	hwēȷ		638989
禱	daǒ	tawX	táw		650766
界	jiè	keajH	kèaȷ	 boundary	650942
圩	yú	#	#		652610
頂	dǐng	tengX	téng	 top of the head	652634
嬉	xī	xi	xı̄		652669
戲	xì	xjeH	xȷè	 sport, joke	652696
俎	zǔ	tsrjoX	tṣȷó		652712
豆	dòu	duwH	dùw	 bean	652736
妾	qiè	tshjep	tshȷep	 concubine	652879
徵	zhēng	tring	ṭı̄ng	 examine	652897
佐	zuŏ	tsaH	tsà		653477
僂	lǚ	luw	lūw		653579
傴	yǔ	'juX	'ȷú	 humpback	653596
俯	fǔ	pjuX	pȷú		653616
饘	zhān	tsyen	ts̯ēn	 gruel (thick)	653641
粥	zhōu	tsyuwk	ts̯uwk	 gruel	653661
餬	hú	hu	hū		653682
料	liào	lewH	lèw	 measure (v.)	655333
蕃	fán	bjon	bȷōn	 luxuriant (growth)	655395
斥	chì	tsyhek	ts̯hek	 rebuff; salty soil	655459
攝相	shèxiàng	syep sjangH	s̯ep sȷàng	 catch, gather up / appearance, quality	657447
鬻/粥	yù	yuwk yuwk	yuwk yuwk	 nourish / nourish	657510
羔	gāo	kaw	kāw		657525
價/賈	jià	kaeH	kàe	 price	657574
塗	tú	du	dū	 to plaster	657590
拾	shí	dzyip	dz̯ıp	 pick up, gather	657609
沮	jǔ	dzjoX	dzȷó	 stop, prevent	659039
郊	jiāo	kaew	kāew	 suburb	659260
膰	fán	bjon	bȷōn		659309
卦	guà	kweaH	kwèa	 prognosticate with Achillea	667320
坤	kūn	khwon	khwōn	 earth (trigram or hexagram)	667489
爻	yáo	haew	hāew	 change; hexagram	668389
繫/係	xì	hejH	hèȷ	 attach; suspend	672609
繫	xì	hejH	hèȷ	 attach; suspend	672609
柔	róu	nyuw	n̯ūw	 soft	673809
摩	mó	ma	mā		673948
霆	tíng	deng	dēng		674003
暑	shǔ	syoX	s̯ó	 heat	674080
吝	lìn	linH	lı̀n	 stingy	674621
占	zhān	tsyem	ts̯ēm	 prognosticate	674736
罟	gǔ	kuX	kú		680454
漁	yú	ngjo	ngȷō	 to fish	680499
穴	xué	hwet	hwet	 cave, pit	680824
棟	dòng	tuwngH	tùwng		680853
耜	sì	ziX	zı́	 plowshare; to plow	681049
絲	sī	si	sı̄	 silk	681441
蜡	Zhà	tshjoH	tshȷò		690082
側	cè	tsrik	tṣık	 slanting, oblique; side	690171
逮	dài	dojH	dòȷ	 reach to	690209
矜	jīn	king	kı̄ng	 pity (v.)	690307
鰥/矜	guān	kwean	kwēan	 widower	690309
孤	gū	ku	kū	 orphan	690331
溝	gōu	kuw	kūw	 irrigation canal	690957
池	chí	drje	ḍȷē	 pool (n.)	690976
篤	dǔ	towk	towk	 firm, solid	690994
謹	jǐn	kj+nX	kȷų́n	 attentive, careful	691067
殃	yāng	'jang	'ȷāng	 calamity	691113
黨	dǎng	tangX	táng	 500 families; relatives	693565
格	gé	kaek	kaek	 go to	696354
泰山	Tàishān	thajH srean	thàȷ ṣēan	 great / mountain, hill	696592
血	xuè	xwet	xwet	 blood	708536
履	lǚ	lijX	lı́ȷ	 tread on; sandal	710282
黔	qián	gjem	gȷēm	 black	710359
嬰兒	yīngér	'jieng nye	'ȷı̄eng n̯ē	 surround; necklace / child	711966
乞	qǐ	khj+t	khȷųt	 beg, ask	716347
墦	fán	bjon	bȷōn		716392
竦	sǒng	sjowngX	sȷówng		724298
匡	Kuāng	khjwang	khȷwāng	 square basket	725154
佚/逸/失	yì	yit	yıt		726030
獵	liè	ljep	lȷep	 hunt	726471
審	shěn	syimX	s̯ı́m	 examine, discriminate	727930
梓	zǐ	tsiX	tsı́	 Catalpa	729723
勃	bó	bwot	bwot	 confused	729724
偝/背/北	bèi	bwojH	bwòȷ	 turn the back on	730823
謾	màn	man	mān		730919
遁	dùn	dwonX	dwón	 withdraw	731093
億	yì	'ik	'ık	 100,000	732525
懦/懧	nuò	nyu	n̯ū		732831
傑	jié	gjet	gȷet	 remarkable; hero	733289
府	fǔ	pjuX	pȷú	 repository	734362
珠	zhū	tsyu	ts̯ū		734684
耆	qí	gij	gı̄ȷ	 old	735490
笞	chī	trhi	ṭhı̄		740488
刖	yuè	ngwaet	ngwaet	 amputate a foot	742713
譙	qiào	dzjew	dzȷēw		745787
拂	fú	phjut	phȷut	 to brush, shake	746201
刳	kū	khu	khū		746599
腸	cháng	drjang	ḍȷāng	 intestines	746689
淺	qiǎn	tshjenX	tshȷén	 shallow	750260
釁	xìn	xinH	xı̀n	 smear with blood	750397
沈/沉	chén	drim	ḍı̄m	 sink (v.t.)	755046
叡	ruì	ywejH	ywèȷ		755854
陛	bì	bejX	béȷ		758255
吊/弔	diào	#	#		758554
吞	tūn	thon	thōn	 to swallow	760895
啗	dàn	damX	dám	 eat	764594
牽	qiān	khen	khēn	 pull, lead, drag	772515
跪	gùi	khjweX	khȷwé		773154
塵	chén	drin	ḍı̄n	 dust (n.)	773438
雲	yún	hjun	hȷūn	 cloud	775599
怙	hù	huX	hú		783053
婢	bèi	bjieX	bȷı́e		784698
胾	zì	tsriH	tṣı̀		787121
孩/咳	hái	hoj	hōȷ	 child	788024
恤	xù	swit	swıt	 anxiety	791250
忤/牾/寤	wǔ	nguH	ngù		796242
灌	guàn	kwanH	kwàn	 pour, drip	802050
旱	hàn	hanX	hán	 dry, drought	802905
率	shuài	srwijH	ṣwı̀ȷ	 lead (v.); commander	804189
率	shuài	srwijH	ṣwı̀ȷ	 lead (v.); commander	804189
幸	xìng	heangX	héang	 fortunate	807320
廋	sōu	srjuw	ṣȷūw		808388
狹	xiá	heap	heap	 narrow	808821
弛	shǐ	syeX	s̯é		811094
憎	zēng	tsong	tsōng	 hate	824462
駭	hài	heajX	héaȷ	 alarmed	824889
憫/閔	mǐn	minX	mı́n	 grieved	827764
揠	yà	'eat	'eat	 pull up	827870
懲	chéng	dring	ḍı̄ng	 reprove; punish	828298
抑	yì	'ik	'ık	 and, but, or	831867
摽	biāo	phjiew	phȷı̄ew		835993
耘	yún	hjun	hȷūn		836411
苛	kē	ha	hā		848915
橫	héng	hwaeng	hwāeng	 crosswise; horizontal	860358
橫	hèng	kwang	kwāng		860358
睫	jié	tsjep	tsȷep	 eyelashes	861175
渡	dù	duH	dù	 to ford	871591
産	chǎn	#	#		885356
賀	hè	haH	hà	 congratulate	885429
赦	shè	syaeH	s̯àe	 to pardon	889067
瞷	xián	hean	hēan	 spy on, watch	894192
罕	hǎn	xanX	xán	 rare	909221
葆禱	bǎodǎo	pawX tawX	páw táw	  / pray	927037
襁	qiǎng	kjangX	kȷáng		935565
謷/驁	áo	ngaew	ngāew		943204
轅	yuán	hjwon	hȷwōn	 carriage-pole	954040
闊	kuò	khwat	khwat	 契闊 khet.khwat hard-working (Ode 31.4)	971662